{
    "image_filename": "CD-05.jpg",
    "image_path": "/content/images/CD-05.jpg",
    "detections": [
        {
            "bounding_box": [
                [
                    113,
                    20
                ],
                [
                    323,
                    20
                ],
                [
                    323,
                    74
                ],
                [
                    113,
                    74
                ]
            ],
            "text": "tranfm",
            "confidence": 0.2715898993781826
        },
        {
            "bounding_box": [
                [
                    371,
                    33
                ],
                [
                    515,
                    33
                ],
                [
                    515,
                    77
                ],
                [
                    371,
                    77
                ]
            ],
            "text": ": + ^",
            "confidence": 0.500433732642627
        },
        {
            "bounding_box": [
                [
                    540,
                    34
                ],
                [
                    576,
                    34
                ],
                [
                    576,
                    66
                ],
                [
                    540,
                    66
                ]
            ],
            "text": "i",
            "confidence": 0.573937363758322
        },
        {
            "bounding_box": [
                [
                    616,
                    34
                ],
                [
                    810,
                    34
                ],
                [
                    810,
                    64
                ],
                [
                    616,
                    64
                ]
            ],
            "text": "Tunut",
            "confidence": 0.08675457740562521
        },
        {
            "bounding_box": [
                [
                    26,
                    109
                ],
                [
                    303,
                    109
                ],
                [
                    303,
                    171
                ],
                [
                    26,
                    171
                ]
            ],
            "text": "Grraa &x",
            "confidence": 0.1053313278172123
        },
        {
            "bounding_box": [
                [
                    315,
                    121
                ],
                [
                    760,
                    121
                ],
                [
                    760,
                    172
                ],
                [
                    315,
                    172
                ]
            ],
            "text": "Aztmtie Eapreeioc",
            "confidence": 0.0655017160590548
        },
        {
            "bounding_box": [
                [
                    66,
                    250
                ],
                [
                    783,
                    250
                ],
                [
                    783,
                    313
                ],
                [
                    66,
                    313
                ]
            ],
            "text": "e _ 0o0 |-0 | (0)|eoe / - € /(e) (^",
            "confidence": 0.33395294757926364
        },
        {
            "bounding_box": [
                [
                    112,
                    344
                ],
                [
                    473,
                    344
                ],
                [
                    473,
                    406
                ],
                [
                    112,
                    406
                ]
            ],
            "text": "_ +|-| *17 /T",
            "confidence": 0.18599621803965566
        },
        {
            "bounding_box": [
                [
                    67,
                    457
                ],
                [
                    141,
                    457
                ],
                [
                    141,
                    493
                ],
                [
                    67,
                    493
                ]
            ],
            "text": "0 -",
            "confidence": 0.6616718283917019
        },
        {
            "bounding_box": [
                [
                    161,
                    440
                ],
                [
                    656,
                    440
                ],
                [
                    656,
                    496
                ],
                [
                    161,
                    496
                ]
            ],
            "text": "0|9 | 2 | 3 | 4| 5| 6| 71v | 9",
            "confidence": 0.18576837281621852
        },
        {
            "bounding_box": [
                [
                    66,
                    586
                ],
                [
                    214,
                    586
                ],
                [
                    214,
                    640
                ],
                [
                    66,
                    640
                ]
            ],
            "text": "0 - 5",
            "confidence": 0.8516391556054477
        },
        {
            "bounding_box": [
                [
                    657,
                    591
                ],
                [
                    767,
                    591
                ],
                [
                    767,
                    631
                ],
                [
                    657,
                    631
                ]
            ],
            "text": "++5",
            "confidence": 0.5823628193621454
        },
        {
            "bounding_box": [
                [
                    1070,
                    564
                ],
                [
                    1227,
                    564
                ],
                [
                    1227,
                    625
                ],
                [
                    1070,
                    625
                ]
            ],
            "text": "(+ + $)",
            "confidence": 0.3867768831089959
        },
        {
            "bounding_box": [
                [
                    665,
                    631
                ],
                [
                    871,
                    631
                ],
                [
                    871,
                    691
                ],
                [
                    665,
                    691
                ]
            ],
            "text": "€ _ Eo €",
            "confidence": 0.4950634806853353
        },
        {
            "bounding_box": [
                [
                    1099,
                    639
                ],
                [
                    1261,
                    639
                ],
                [
                    1261,
                    681
                ],
                [
                    1099,
                    681
                ]
            ],
            "text": "E - - €",
            "confidence": 0.4338624298180737
        },
        {
            "bounding_box": [
                [
                    143,
                    663
                ],
                [
                    316,
                    663
                ],
                [
                    316,
                    717
                ],
                [
                    143,
                    717
                ]
            ],
            "text": "€ _ -€",
            "confidence": 0.8259718406427603
        },
        {
            "bounding_box": [
                [
                    792,
                    708
                ],
                [
                    866,
                    708
                ],
                [
                    866,
                    740
                ],
                [
                    792,
                    740
                ]
            ],
            "text": "Do€",
            "confidence": 0.912187354132581
        },
        {
            "bounding_box": [
                [
                    1139,
                    715
                ],
                [
                    1173,
                    715
                ],
                [
                    1173,
                    735
                ],
                [
                    1139,
                    735
                ]
            ],
            "text": "3",
            "confidence": 0.05925937091511657
        },
        {
            "bounding_box": [
                [
                    1182,
                    702
                ],
                [
                    1284,
                    702
                ],
                [
                    1284,
                    750
                ],
                [
                    1182,
                    750
                ]
            ],
            "text": "-(e)",
            "confidence": 0.5419697761535645
        },
        {
            "bounding_box": [
                [
                    745,
                    754
                ],
                [
                    889,
                    754
                ],
                [
                    889,
                    799
                ],
                [
                    745,
                    799
                ]
            ],
            "text": "Adop",
            "confidence": 0.4958578050136566
        },
        {
            "bounding_box": [
                [
                    216,
                    804
                ],
                [
                    260,
                    804
                ],
                [
                    260,
                    832
                ],
                [
                    216,
                    832
                ]
            ],
            "text": "5",
            "confidence": 0.17744672965717712
        },
        {
            "bounding_box": [
                [
                    1188,
                    792
                ],
                [
                    1214,
                    792
                ],
                [
                    1214,
                    818
                ],
                [
                    1188,
                    818
                ]
            ],
            "text": "-",
            "confidence": 0.5908626751340904
        },
        {
            "bounding_box": [
                [
                    1218,
                    782
                ],
                [
                    1340,
                    782
                ],
                [
                    1340,
                    832
                ],
                [
                    1218,
                    832
                ]
            ],
            "text": "(Eoe)",
            "confidence": 0.741586436344949
        },
        {
            "bounding_box": [
                [
                    265,
                    805
                ],
                [
                    329,
                    805
                ],
                [
                    329,
                    847
                ],
                [
                    265,
                    847
                ]
            ],
            "text": "~5",
            "confidence": 0.546219344306103
        },
        {
            "bounding_box": [
                [
                    752,
                    832
                ],
                [
                    786,
                    832
                ],
                [
                    786,
                    856
                ],
                [
                    752,
                    856
                ]
            ],
            "text": "3",
            "confidence": 0.6413835938109322
        },
        {
            "bounding_box": [
                [
                    800,
                    828
                ],
                [
                    896,
                    828
                ],
                [
                    896,
                    860
                ],
                [
                    800,
                    860
                ]
            ],
            "text": "+0 D",
            "confidence": 0.3690732717514038
        },
        {
            "bounding_box": [
                [
                    746,
                    898
                ],
                [
                    788,
                    898
                ],
                [
                    788,
                    924
                ],
                [
                    746,
                    924
                ]
            ],
            "text": "5",
            "confidence": 0.29859394349074364
        },
        {
            "bounding_box": [
                [
                    793,
                    893
                ],
                [
                    900,
                    893
                ],
                [
                    900,
                    936
                ],
                [
                    793,
                    936
                ]
            ],
            "text": "7+ 0",
            "confidence": 0.8455176949501038
        },
        {
            "bounding_box": [
                [
                    1214,
                    864
                ],
                [
                    1330,
                    864
                ],
                [
                    1330,
                    918
                ],
                [
                    1214,
                    918
                ]
            ],
            "text": "(eoe)",
            "confidence": 0.292853957440143
        },
        {
            "bounding_box": [
                [
                    739,
                    971
                ],
                [
                    773,
                    971
                ],
                [
                    773,
                    991
                ],
                [
                    739,
                    991
                ]
            ],
            "text": "31",
            "confidence": 0.05673554693779587
        },
        {
            "bounding_box": [
                [
                    1204,
                    942
                ],
                [
                    1298,
                    942
                ],
                [
                    1298,
                    990
                ],
                [
                    1204,
                    990
                ]
            ],
            "text": "(ooo)",
            "confidence": 0.3175923976807569
        },
        {
            "bounding_box": [
                [
                    1160,
                    1020
                ],
                [
                    1186,
                    1020
                ],
                [
                    1186,
                    1044
                ],
                [
                    1160,
                    1044
                ]
            ],
            "text": "-",
            "confidence": 0.686841899474647
        },
        {
            "bounding_box": [
                [
                    1192,
                    1010
                ],
                [
                    1320,
                    1010
                ],
                [
                    1320,
                    1060
                ],
                [
                    1192,
                    1060
                ]
            ],
            "text": "(zo0)",
            "confidence": 0.3532483977662538
        },
        {
            "bounding_box": [
                [
                    1170,
                    1092
                ],
                [
                    1196,
                    1092
                ],
                [
                    1196,
                    1116
                ],
                [
                    1170,
                    1116
                ]
            ],
            "text": "~",
            "confidence": 0.8354024912521574
        },
        {
            "bounding_box": [
                [
                    1195,
                    1083
                ],
                [
                    1317,
                    1083
                ],
                [
                    1317,
                    1127
                ],
                [
                    1195,
                    1127
                ]
            ],
            "text": "(7+6)",
            "confidence": 0.6417969214530025
        },
        {
            "bounding_box": [
                [
                    95,
                    1119
                ],
                [
                    380,
                    1119
                ],
                [
                    380,
                    1174
                ],
                [
                    95,
                    1174
                ]
            ],
            "text": "7+$ - 9k1",
            "confidence": 0.39464898768073564
        },
        {
            "bounding_box": [
                [
                    1163,
                    1154
                ],
                [
                    1328,
                    1154
                ],
                [
                    1328,
                    1206
                ],
                [
                    1163,
                    1206
                ]
            ],
            "text": "-(7+6)",
            "confidence": 0.6402358891471926
        },
        {
            "bounding_box": [
                [
                    91,
                    1219
                ],
                [
                    299,
                    1219
                ],
                [
                    299,
                    1263
                ],
                [
                    91,
                    1263
                ]
            ],
            "text": "C -Eoe",
            "confidence": 0.30583420248451415
        },
        {
            "bounding_box": [
                [
                    213,
                    1285
                ],
                [
                    388,
                    1285
                ],
                [
                    388,
                    1336
                ],
                [
                    213,
                    1336
                ]
            ],
            "text": "E 0 €o€",
            "confidence": 0.24471274725545417
        },
        {
            "bounding_box": [
                [
                    206,
                    1372
                ],
                [
                    440,
                    1372
                ],
                [
                    440,
                    1420
                ],
                [
                    206,
                    1420
                ]
            ],
            "text": "€ofoEog",
            "confidence": 0.13508640814258552
        },
        {
            "bounding_box": [
                [
                    221,
                    1441
                ],
                [
                    428,
                    1441
                ],
                [
                    428,
                    1492
                ],
                [
                    221,
                    1492
                ]
            ],
            "text": "Do € 0 €o€",
            "confidence": 0.2894523631721784
        },
        {
            "bounding_box": [
                [
                    230,
                    1509
                ],
                [
                    431,
                    1509
                ],
                [
                    431,
                    1562
                ],
                [
                    230,
                    1562
                ]
            ],
            "text": "Dodo €o €",
            "confidence": 0.821749339213383
        },
        {
            "bounding_box": [
                [
                    228,
                    1577
                ],
                [
                    410,
                    1577
                ],
                [
                    410,
                    1626
                ],
                [
                    228,
                    1626
                ]
            ],
            "text": "ood 0 Do€",
            "confidence": 0.36186451401784964
        },
        {
            "bounding_box": [
                [
                    231,
                    1657
                ],
                [
                    405,
                    1657
                ],
                [
                    405,
                    1695
                ],
                [
                    231,
                    1695
                ]
            ],
            "text": "Ddooo D",
            "confidence": 0.49194197532163086
        },
        {
            "bounding_box": [
                [
                    223,
                    1725
                ],
                [
                    409,
                    1725
                ],
                [
                    409,
                    1767
                ],
                [
                    223,
                    1767
                ]
            ],
            "text": "7oDoddo",
            "confidence": 0.35938481338480394
        },
        {
            "bounding_box": [
                [
                    221,
                    1801
                ],
                [
                    293,
                    1801
                ],
                [
                    293,
                    1837
                ],
                [
                    221,
                    1837
                ]
            ],
            "text": "++",
            "confidence": 0.34523719988761103
        },
        {
            "bounding_box": [
                [
                    296,
                    1781
                ],
                [
                    479,
                    1781
                ],
                [
                    479,
                    1836
                ],
                [
                    296,
                    1836
                ]
            ],
            "text": "5 Dod6)",
            "confidence": 0.6265372712216973
        },
        {
            "bounding_box": [
                [
                    227,
                    1854
                ],
                [
                    488,
                    1854
                ],
                [
                    488,
                    1916
                ],
                [
                    227,
                    1916
                ]
            ],
            "text": "7 * 5 _ ddud",
            "confidence": 0.19253188811617256
        },
        {
            "bounding_box": [
                [
                    235,
                    1939
                ],
                [
                    335,
                    1939
                ],
                [
                    335,
                    1977
                ],
                [
                    235,
                    1977
                ]
            ],
            "text": "7+5",
            "confidence": 0.7968329041446706
        },
        {
            "bounding_box": [
                [
                    351,
                    1941
                ],
                [
                    377,
                    1941
                ],
                [
                    377,
                    1961
                ],
                [
                    351,
                    1961
                ]
            ],
            "text": "~",
            "confidence": 0.6485752869084536
        },
        {
            "bounding_box": [
                [
                    379,
                    1932
                ],
                [
                    458,
                    1932
                ],
                [
                    458,
                    1971
                ],
                [
                    379,
                    1971
                ]
            ],
            "text": "Dod",
            "confidence": 0.7096337044070457
        },
        {
            "bounding_box": [
                [
                    163,
                    2007
                ],
                [
                    464,
                    2007
                ],
                [
                    464,
                    2059
                ],
                [
                    163,
                    2059
                ]
            ],
            "text": "T }+5_ Go",
            "confidence": 0.18871914052919858
        },
        {
            "bounding_box": [
                [
                    165,
                    2067
                ],
                [
                    442,
                    2067
                ],
                [
                    442,
                    2120
                ],
                [
                    165,
                    2120
                ]
            ],
            "text": "7 $ + $ - 9* 0",
            "confidence": 0.14875954276818038
        },
        {
            "bounding_box": [
                [
                    160,
                    2146
                ],
                [
                    196,
                    2146
                ],
                [
                    196,
                    2170
                ],
                [
                    160,
                    2170
                ]
            ],
            "text": "T",
            "confidence": 0.5333053700007362
        },
        {
            "bounding_box": [
                [
                    212,
                    2134
                ],
                [
                    435,
                    2134
                ],
                [
                    435,
                    2177
                ],
                [
                    212,
                    2177
                ]
            ],
            "text": "7+57-9 2",
            "confidence": 0.26363506494902156
        },
        {
            "bounding_box": [
                [
                    786,
                    963
                ],
                [
                    883,
                    979
                ],
                [
                    874,
                    1024
                ],
                [
                    776,
                    1008
                ]
            ],
            "text": "7*5",
            "confidence": 0.8690690036946341
        }
    ]
}