{
    "image_filename": "CD-09.jpg",
    "image_path": "/content/images/CD-09.jpg",
    "detections": [
        {
            "bounding_box": [
                [
                    23,
                    35
                ],
                [
                    235,
                    35
                ],
                [
                    235,
                    95
                ],
                [
                    23,
                    95
                ]
            ],
            "text": "Conwver 0n",
            "confidence": 0.21329804615671452
        },
        {
            "bounding_box": [
                [
                    300,
                    46
                ],
                [
                    480,
                    46
                ],
                [
                    480,
                    112
                ],
                [
                    300,
                    112
                ]
            ],
            "text": "ambia o =",
            "confidence": 0.05100983819107333
        },
        {
            "bounding_box": [
                [
                    471,
                    67
                ],
                [
                    511,
                    67
                ],
                [
                    511,
                    87
                ],
                [
                    471,
                    87
                ]
            ],
            "text": "U)",
            "confidence": 0.19843764153257723
        },
        {
            "bounding_box": [
                [
                    614,
                    56
                ],
                [
                    886,
                    56
                ],
                [
                    886,
                    106
                ],
                [
                    614,
                    106
                ]
            ],
            "text": "unambauow",
            "confidence": 0.27402298841135714
        },
        {
            "bounding_box": [
                [
                    905,
                    57
                ],
                [
                    1093,
                    57
                ],
                [
                    1093,
                    99
                ],
                [
                    905,
                    99
                ]
            ],
            "text": "Oramav",
            "confidence": 0.19082219558782523
        },
        {
            "bounding_box": [
                [
                    58,
                    150
                ],
                [
                    247,
                    150
                ],
                [
                    247,
                    211
                ],
                [
                    58,
                    211
                ]
            ],
            "text": "Cns;dev",
            "confidence": 0.30771800843879243
        },
        {
            "bounding_box": [
                [
                    283,
                    183
                ],
                [
                    307,
                    183
                ],
                [
                    307,
                    203
                ],
                [
                    283,
                    203
                ]
            ],
            "text": "*",
            "confidence": 0.31512953496681817
        },
        {
            "bounding_box": [
                [
                    346,
                    186
                ],
                [
                    392,
                    186
                ],
                [
                    392,
                    212
                ],
                [
                    346,
                    212
                ]
            ],
            "text": "~,",
            "confidence": 0.7436064310221785
        },
        {
            "bounding_box": [
                [
                    457,
                    181
                ],
                [
                    475,
                    181
                ],
                [
                    475,
                    215
                ],
                [
                    457,
                    215
                ]
            ],
            "text": "1",
            "confidence": 0.15782707107775096
        },
        {
            "bounding_box": [
                [
                    512,
                    179
                ],
                [
                    609,
                    179
                ],
                [
                    609,
                    215
                ],
                [
                    512,
                    215
                ]
            ],
            "text": "Wt",
            "confidence": 0.42141793146364176
        },
        {
            "bounding_box": [
                [
                    624,
                    180
                ],
                [
                    690,
                    180
                ],
                [
                    690,
                    230
                ],
                [
                    624,
                    230
                ]
            ],
            "text": "Wft",
            "confidence": 0.2180590357829173
        },
        {
            "bounding_box": [
                [
                    725,
                    185
                ],
                [
                    885,
                    185
                ],
                [
                    885,
                    223
                ],
                [
                    725,
                    223
                ]
            ],
            "text": "axosial",
            "confidence": 0.3706902555145165
        },
        {
            "bounding_box": [
                [
                    987,
                    177
                ],
                [
                    1158,
                    177
                ],
                [
                    1158,
                    219
                ],
                [
                    987,
                    219
                ]
            ],
            "text": "acd te",
            "confidence": 0.23535028558739748
        },
        {
            "bounding_box": [
                [
                    58,
                    249
                ],
                [
                    378,
                    249
                ],
                [
                    378,
                    311
                ],
                [
                    58,
                    311
                ]
            ],
            "text": "Poduction Tulus",
            "confidence": 0.3546945293923095
        },
        {
            "bounding_box": [
                [
                    118,
                    367
                ],
                [
                    647,
                    367
                ],
                [
                    647,
                    453
                ],
                [
                    118,
                    453
                ]
            ],
            "text": "@ _ E+Tle-tl T",
            "confidence": 0.21281063653131976
        },
        {
            "bounding_box": [
                [
                    125,
                    481
                ],
                [
                    612,
                    481
                ],
                [
                    612,
                    560
                ],
                [
                    125,
                    560
                ]
            ],
            "text": "T_ Tr f Itie | F",
            "confidence": 0.10458879152895716
        },
        {
            "bounding_box": [
                [
                    130,
                    614
                ],
                [
                    298,
                    614
                ],
                [
                    298,
                    666
                ],
                [
                    130,
                    666
                ]
            ],
            "text": "F _ i",
            "confidence": 0.8114972414640704
        },
        {
            "bounding_box": [
                [
                    433,
                    623
                ],
                [
                    483,
                    623
                ],
                [
                    483,
                    667
                ],
                [
                    433,
                    667
                ]
            ],
            "text": "64",
            "confidence": 0.1727304771290592
        },
        {
            "bounding_box": [
                [
                    504,
                    634
                ],
                [
                    532,
                    634
                ],
                [
                    532,
                    660
                ],
                [
                    504,
                    660
                ]
            ],
            "text": "0",
            "confidence": 0.6761285998154563
        },
        {
            "bounding_box": [
                [
                    553,
                    639
                ],
                [
                    621,
                    639
                ],
                [
                    621,
                    659
                ],
                [
                    553,
                    659
                ]
            ],
            "text": "Men",
            "confidence": 0.04807704865207629
        },
        {
            "bounding_box": [
                [
                    634,
                    624
                ],
                [
                    797,
                    624
                ],
                [
                    797,
                    666
                ],
                [
                    634,
                    666
                ]
            ],
            "text": "tmina |",
            "confidence": 0.25460119506372914
        },
        {
            "bounding_box": [
                [
                    116,
                    788
                ],
                [
                    190,
                    788
                ],
                [
                    190,
                    838
                ],
                [
                    116,
                    838
                ]
            ],
            "text": "Gt",
            "confidence": 0.5674146055359627
        },
        {
            "bounding_box": [
                [
                    212,
                    796
                ],
                [
                    409,
                    796
                ],
                [
                    409,
                    834
                ],
                [
                    212,
                    834
                ]
            ],
            "text": "nuuuy:m -",
            "confidence": 0.22303771971022995
        },
        {
            "bounding_box": [
                [
                    430,
                    786
                ],
                [
                    480,
                    786
                ],
                [
                    480,
                    840
                ],
                [
                    430,
                    840
                ]
            ],
            "text": ":0",
            "confidence": 0.10984380655088562
        },
        {
            "bounding_box": [
                [
                    521,
                    768
                ],
                [
                    674,
                    768
                ],
                [
                    674,
                    824
                ],
                [
                    521,
                    824
                ]
            ],
            "text": "A 444",
            "confidence": 0.28571438582874037
        },
        {
            "bounding_box": [
                [
                    744,
                    802
                ],
                [
                    786,
                    802
                ],
                [
                    786,
                    826
                ],
                [
                    744,
                    826
                ]
            ],
            "text": "ih",
            "confidence": 0.06758908830536454
        },
        {
            "bounding_box": [
                [
                    828,
                    800
                ],
                [
                    934,
                    800
                ],
                [
                    934,
                    826
                ],
                [
                    828,
                    826
                ]
            ],
            "text": "ulich",
            "confidence": 0.09568728220160487
        },
        {
            "bounding_box": [
                [
                    957,
                    797
                ],
                [
                    1253,
                    797
                ],
                [
                    1253,
                    837
                ],
                [
                    957,
                    837
                ]
            ],
            "text": "t ~m+mnal",
            "confidence": 0.25150818881984466
        },
        {
            "bounding_box": [
                [
                    1278,
                    812
                ],
                [
                    1320,
                    812
                ],
                [
                    1320,
                    836
                ],
                [
                    1278,
                    836
                ]
            ],
            "text": "On",
            "confidence": 0.3062170457553416
        },
        {
            "bounding_box": [
                [
                    1333,
                    809
                ],
                [
                    1415,
                    809
                ],
                [
                    1415,
                    845
                ],
                [
                    1333,
                    845
                ]
            ],
            "text": "LhS",
            "confidence": 0.1554282587397067
        },
        {
            "bounding_box": [
                [
                    673,
                    883
                ],
                [
                    857,
                    883
                ],
                [
                    857,
                    927
                ],
                [
                    673,
                    927
                ]
            ],
            "text": "is hpeatid",
            "confidence": 0.4846508174521864
        },
        {
            "bounding_box": [
                [
                    870,
                    894
                ],
                [
                    917,
                    894
                ],
                [
                    917,
                    923
                ],
                [
                    870,
                    923
                ]
            ],
            "text": "M)",
            "confidence": 0.3152060596904721
        },
        {
            "bounding_box": [
                [
                    944,
                    890
                ],
                [
                    1006,
                    890
                ],
                [
                    1006,
                    922
                ],
                [
                    944,
                    922
                ]
            ],
            "text": "+",
            "confidence": 0.5709191631078205
        },
        {
            "bounding_box": [
                [
                    1019,
                    881
                ],
                [
                    1246,
                    881
                ],
                [
                    1246,
                    925
                ],
                [
                    1019,
                    925
                ]
            ],
            "text": "Art &xrabon",
            "confidence": 0.07341607730399495
        },
        {
            "bounding_box": [
                [
                    1264,
                    890
                ],
                [
                    1312,
                    890
                ],
                [
                    1312,
                    916
                ],
                [
                    1264,
                    916
                ]
            ],
            "text": "On",
            "confidence": 0.19911906358905598
        },
        {
            "bounding_box": [
                [
                    1327,
                    883
                ],
                [
                    1408,
                    883
                ],
                [
                    1408,
                    916
                ],
                [
                    1327,
                    916
                ]
            ],
            "text": "rh}",
            "confidence": 0.12723744528288947
        },
        {
            "bounding_box": [
                [
                    104,
                    1007
                ],
                [
                    214,
                    1007
                ],
                [
                    214,
                    1067
                ],
                [
                    104,
                    1067
                ]
            ],
            "text": "Q:aht",
            "confidence": 0.14623055822614986
        },
        {
            "bounding_box": [
                [
                    234,
                    1024
                ],
                [
                    400,
                    1024
                ],
                [
                    400,
                    1052
                ],
                [
                    234,
                    1052
                ]
            ],
            "text": "Tuunnsion",
            "confidence": 0.0977932608488206
        },
        {
            "bounding_box": [
                [
                    477,
                    1023
                ],
                [
                    517,
                    1023
                ],
                [
                    517,
                    1063
                ],
                [
                    477,
                    1063
                ]
            ],
            "text": "A",
            "confidence": 0.5957660247025984
        },
        {
            "bounding_box": [
                [
                    521,
                    1010
                ],
                [
                    674,
                    1010
                ],
                [
                    674,
                    1072
                ],
                [
                    521,
                    1072
                ]
            ],
            "text": "SKa",
            "confidence": 0.15741359267585012
        },
        {
            "bounding_box": [
                [
                    23,
                    1155
                ],
                [
                    139,
                    1155
                ],
                [
                    139,
                    1199
                ],
                [
                    23,
                    1199
                ]
            ],
            "text": "nok :",
            "confidence": 0.2989935693496147
        },
        {
            "bounding_box": [
                [
                    175,
                    1157
                ],
                [
                    211,
                    1157
                ],
                [
                    211,
                    1197
                ],
                [
                    175,
                    1197
                ]
            ],
            "text": "')",
            "confidence": 0.5622538124545361
        },
        {
            "bounding_box": [
                [
                    238,
                    1152
                ],
                [
                    353,
                    1152
                ],
                [
                    353,
                    1201
                ],
                [
                    238,
                    1201
                ]
            ],
            "text": "Ambie",
            "confidence": 0.5779305941764536
        },
        {
            "bounding_box": [
                [
                    488,
                    1158
                ],
                [
                    520,
                    1158
                ],
                [
                    520,
                    1192
                ],
                [
                    488,
                    1192
                ]
            ],
            "text": "0",
            "confidence": 0.27966557316441154
        },
        {
            "bounding_box": [
                [
                    533,
                    1157
                ],
                [
                    607,
                    1157
                ],
                [
                    607,
                    1193
                ],
                [
                    533,
                    1193
                ]
            ],
            "text": "~at",
            "confidence": 0.22761939085959124
        },
        {
            "bounding_box": [
                [
                    628,
                    1162
                ],
                [
                    664,
                    1162
                ],
                [
                    664,
                    1194
                ],
                [
                    628,
                    1194
                ]
            ],
            "text": "0",
            "confidence": 0.988652300126379
        },
        {
            "bounding_box": [
                [
                    660,
                    1156
                ],
                [
                    822,
                    1156
                ],
                [
                    822,
                    1212
                ],
                [
                    660,
                    1212
                ]
            ],
            "text": "Prper tJ",
            "confidence": 0.22191040400226714
        },
        {
            "bounding_box": [
                [
                    868,
                    1157
                ],
                [
                    1114,
                    1157
                ],
                [
                    1114,
                    1221
                ],
                [
                    868,
                    1221
                ]
            ],
            "text": "(anduaar bud",
            "confidence": 0.08493478546917976
        },
        {
            "bounding_box": [
                [
                    1185,
                    1169
                ],
                [
                    1377,
                    1169
                ],
                [
                    1377,
                    1213
                ],
                [
                    1185,
                    1213
                ]
            ],
            "text": "8rammar",
            "confidence": 0.5662730444848997
        },
        {
            "bounding_box": [
                [
                    173,
                    1266
                ],
                [
                    303,
                    1266
                ],
                [
                    303,
                    1323
                ],
                [
                    173,
                    1323
                ]
            ],
            "text": "{) 96",
            "confidence": 0.15371512517957098
        },
        {
            "bounding_box": [
                [
                    313,
                    1273
                ],
                [
                    380,
                    1273
                ],
                [
                    380,
                    1313
                ],
                [
                    313,
                    1313
                ]
            ],
            "text": "t",
            "confidence": 0.490485845774856
        },
        {
            "bounding_box": [
                [
                    399,
                    1271
                ],
                [
                    548,
                    1271
                ],
                [
                    548,
                    1319
                ],
                [
                    399,
                    1319
                ]
            ],
            "text": "operostor",
            "confidence": 0.6648357689426064
        },
        {
            "bounding_box": [
                [
                    573,
                    1271
                ],
                [
                    705,
                    1271
                ],
                [
                    705,
                    1307
                ],
                [
                    573,
                    1307
                ]
            ],
            "text": "usd ",
            "confidence": 0.7404686554972807
        },
        {
            "bounding_box": [
                [
                    729,
                    1273
                ],
                [
                    837,
                    1273
                ],
                [
                    837,
                    1315
                ],
                [
                    729,
                    1315
                ]
            ],
            "text": "bft e",
            "confidence": 0.12204155793379545
        },
        {
            "bounding_box": [
                [
                    846,
                    1270
                ],
                [
                    951,
                    1270
                ],
                [
                    951,
                    1324
                ],
                [
                    846,
                    1324
                ]
            ],
            "text": "~an",
            "confidence": 0.48516389909769614
        },
        {
            "bounding_box": [
                [
                    966,
                    1274
                ],
                [
                    1167,
                    1274
                ],
                [
                    1167,
                    1312
                ],
                [
                    966,
                    1312
                ]
            ],
            "text": "anotiotv",
            "confidence": 0.38504617711355626
        },
        {
            "bounding_box": [
                [
                    1195,
                    1271
                ],
                [
                    1271,
                    1271
                ],
                [
                    1271,
                    1309
                ],
                [
                    1195,
                    1309
                ]
            ],
            "text": "ard",
            "confidence": 0.38217344599054576
        },
        {
            "bounding_box": [
                [
                    1294,
                    1274
                ],
                [
                    1362,
                    1274
                ],
                [
                    1362,
                    1306
                ],
                [
                    1294,
                    1306
                ]
            ],
            "text": "4",
            "confidence": 0.12707559111614675
        },
        {
            "bounding_box": [
                [
                    1364,
                    1264
                ],
                [
                    1538,
                    1264
                ],
                [
                    1538,
                    1317
                ],
                [
                    1364,
                    1317
                ]
            ],
            "text": "producttor",
            "confidence": 0.5972431027112801
        },
        {
            "bounding_box": [
                [
                    192,
                    1356
                ],
                [
                    330,
                    1356
                ],
                [
                    330,
                    1406
                ],
                [
                    192,
                    1406
                ]
            ],
            "text": "afbind",
            "confidence": 0.2553565362553915
        },
        {
            "bounding_box": [
                [
                    352,
                    1364
                ],
                [
                    418,
                    1364
                ],
                [
                    418,
                    1390
                ],
                [
                    352,
                    1390
                ]
            ],
            "text": "cu",
            "confidence": 0.3412197791271525
        },
        {
            "bounding_box": [
                [
                    438,
                    1356
                ],
                [
                    508,
                    1356
                ],
                [
                    508,
                    1410
                ],
                [
                    438,
                    1410
                ]
            ],
            "text": "sft",
            "confidence": 0.4706230932368226
        },
        {
            "bounding_box": [
                [
                    532,
                    1362
                ],
                [
                    566,
                    1362
                ],
                [
                    566,
                    1386
                ],
                [
                    532,
                    1386
                ]
            ],
            "text": "U",
            "confidence": 0.5496174022146647
        },
        {
            "bounding_box": [
                [
                    588,
                    1358
                ],
                [
                    685,
                    1358
                ],
                [
                    685,
                    1400
                ],
                [
                    588,
                    1400
                ]
            ],
            "text": "~ant",
            "confidence": 0.3451099097728729
        },
        {
            "bounding_box": [
                [
                    718,
                    1352
                ],
                [
                    882,
                    1352
                ],
                [
                    882,
                    1384
                ],
                [
                    718,
                    1384
                ]
            ],
            "text": "recuiwe",
            "confidence": 0.32276599306846515
        },
        {
            "bounding_box": [
                [
                    899,
                    1357
                ],
                [
                    993,
                    1357
                ],
                [
                    993,
                    1395
                ],
                [
                    899,
                    1395
                ]
            ],
            "text": "Fuspe\"",
            "confidence": 0.11969745716876017
        },
        {
            "bounding_box": [
                [
                    1224,
                    1358
                ],
                [
                    1280,
                    1358
                ],
                [
                    1280,
                    1384
                ],
                [
                    1224,
                    1384
                ]
            ],
            "text": "4",
            "confidence": 0.9825436700295462
        },
        {
            "bounding_box": [
                [
                    1284,
                    1358
                ],
                [
                    1460,
                    1358
                ],
                [
                    1460,
                    1406
                ],
                [
                    1284,
                    1406
                ]
            ],
            "text": "Arammar",
            "confidence": 0.3823545648393295
        },
        {
            "bounding_box": [
                [
                    202,
                    1436
                ],
                [
                    274,
                    1436
                ],
                [
                    274,
                    1468
                ],
                [
                    202,
                    1468
                ]
            ],
            "text": "w;ii",
            "confidence": 0.3900001049041748
        },
        {
            "bounding_box": [
                [
                    292,
                    1436
                ],
                [
                    387,
                    1436
                ],
                [
                    387,
                    1468
                ],
                [
                    292,
                    1468
                ]
            ],
            "text": "bowr",
            "confidence": 0.14811000227928162
        },
        {
            "bounding_box": [
                [
                    405,
                    1435
                ],
                [
                    524,
                    1435
                ],
                [
                    524,
                    1478
                ],
                [
                    405,
                    1478
                ]
            ],
            "text": "Credt",
            "confidence": 0.10003158824569781
        },
        {
            "bounding_box": [
                [
                    536,
                    1442
                ],
                [
                    705,
                    1442
                ],
                [
                    705,
                    1479
                ],
                [
                    536,
                    1479
                ]
            ],
            "text": "avoaial'",
            "confidence": 0.21595543321762595
        },
        {
            "bounding_box": [
                [
                    45,
                    1599
                ],
                [
                    275,
                    1599
                ],
                [
                    275,
                    1659
                ],
                [
                    45,
                    1659
                ]
            ],
            "text": "Tioo +xpus",
            "confidence": 0.11806367540073055
        },
        {
            "bounding_box": [
                [
                    292,
                    1610
                ],
                [
                    412,
                    1610
                ],
                [
                    412,
                    1658
                ],
                [
                    292,
                    1658
                ]
            ],
            "text": "8 uft",
            "confidence": 0.18759678848809386
        },
        {
            "bounding_box": [
                [
                    424,
                    1621
                ],
                [
                    587,
                    1621
                ],
                [
                    587,
                    1652
                ],
                [
                    424,
                    1652
                ]
            ],
            "text": "Tacluu ;On",
            "confidence": 0.08119773366301582
        },
        {
            "bounding_box": [
                [
                    107,
                    1705
                ],
                [
                    149,
                    1705
                ],
                [
                    149,
                    1741
                ],
                [
                    107,
                    1741
                ]
            ],
            "text": ";)",
            "confidence": 0.7864140660221163
        },
        {
            "bounding_box": [
                [
                    162,
                    1703
                ],
                [
                    284,
                    1703
                ],
                [
                    284,
                    1741
                ],
                [
                    162,
                    1741
                ]
            ],
            "text": "Dieet",
            "confidence": 0.5221162115888933
        },
        {
            "bounding_box": [
                [
                    303,
                    1705
                ],
                [
                    371,
                    1705
                ],
                [
                    371,
                    1741
                ],
                [
                    303,
                    1741
                ]
            ],
            "text": "cft",
            "confidence": 0.15827860854651654
        },
        {
            "bounding_box": [
                [
                    380,
                    1708
                ],
                [
                    544,
                    1708
                ],
                [
                    544,
                    1734
                ],
                [
                    380,
                    1734
                ]
            ],
            "text": "Tuut0",
            "confidence": 0.18159511291692618
        },
        {
            "bounding_box": [
                [
                    223,
                    1779
                ],
                [
                    321,
                    1779
                ],
                [
                    321,
                    1823
                ],
                [
                    223,
                    1823
                ]
            ],
            "text": "Co244",
            "confidence": 0.3811579942596453
        },
        {
            "bounding_box": [
                [
                    327,
                    1849
                ],
                [
                    613,
                    1849
                ],
                [
                    613,
                    1913
                ],
                [
                    327,
                    1913
                ]
            ],
            "text": "A _ Aa |e",
            "confidence": 0.5420822190756128
        },
        {
            "bounding_box": [
                [
                    767,
                    1879
                ],
                [
                    807,
                    1879
                ],
                [
                    807,
                    1917
                ],
                [
                    767,
                    1917
                ]
            ],
            "text": "0",
            "confidence": 0.7680865610337264
        },
        {
            "bounding_box": [
                [
                    817,
                    1873
                ],
                [
                    1175,
                    1873
                ],
                [
                    1175,
                    1917
                ],
                [
                    817,
                    1917
                ]
            ],
            "text": "i with tontuvinal",
            "confidence": 0.08956322523458585
        },
        {
            "bounding_box": [
                [
                    740,
                    1945
                ],
                [
                    961,
                    1945
                ],
                [
                    961,
                    1996
                ],
                [
                    740,
                    1996
                ]
            ],
            "text": "and @ witr",
            "confidence": 0.2353132275996024
        },
        {
            "bounding_box": [
                [
                    976,
                    1950
                ],
                [
                    1028,
                    1950
                ],
                [
                    1028,
                    1976
                ],
                [
                    976,
                    1976
                ]
            ],
            "text": "1o",
            "confidence": 0.35186660844241957
        },
        {
            "bounding_box": [
                [
                    1040,
                    1944
                ],
                [
                    1108,
                    1944
                ],
                [
                    1108,
                    1972
                ],
                [
                    1040,
                    1972
                ]
            ],
            "text": "non",
            "confidence": 0.48586987075042803
        },
        {
            "bounding_box": [
                [
                    1104,
                    1933
                ],
                [
                    1281,
                    1933
                ],
                [
                    1281,
                    1975
                ],
                [
                    1104,
                    1975
                ]
            ],
            "text": "trminals",
            "confidence": 0.3358325458274903
        },
        {
            "bounding_box": [
                [
                    330,
                    1996
                ],
                [
                    526,
                    1996
                ],
                [
                    526,
                    2048
                ],
                [
                    330,
                    2048
                ]
            ],
            "text": "A = PA'",
            "confidence": 0.3229323321444623
        },
        {
            "bounding_box": [
                [
                    316,
                    2090
                ],
                [
                    432,
                    2090
                ],
                [
                    432,
                    2140
                ],
                [
                    316,
                    2140
                ]
            ],
            "text": "A'",
            "confidence": 0.9971580421531044
        },
        {
            "bounding_box": [
                [
                    1190,
                    159
                ],
                [
                    1370,
                    183
                ],
                [
                    1359,
                    241
                ],
                [
                    1179,
                    217
                ]
            ],
            "text": "esilocin9",
            "confidence": 0.22295939696510808
        },
        {
            "bounding_box": [
                [
                    406,
                    178
                ],
                [
                    454,
                    186
                ],
                [
                    450,
                    211
                ],
                [
                    402,
                    203
                ]
            ],
            "text": "0 ,",
            "confidence": 0.15048664848716906
        },
        {
            "bounding_box": [
                [
                    884,
                    181
                ],
                [
                    960,
                    198
                ],
                [
                    949,
                    242
                ],
                [
                    873,
                    225
                ]
            ],
            "text": "374",
            "confidence": 0.05284715107210552
        },
        {
            "bounding_box": [
                [
                    348,
                    1142
                ],
                [
                    475,
                    1168
                ],
                [
                    460,
                    1226
                ],
                [
                    333,
                    1200
                ]
            ],
            "text": "ct1",
            "confidence": 0.14535230858874515
        },
        {
            "bounding_box": [
                [
                    1129,
                    1339
                ],
                [
                    1207,
                    1357
                ],
                [
                    1198,
                    1391
                ],
                [
                    1120,
                    1374
                ]
            ],
            "text": "4r",
            "confidence": 0.47521378135790726
        },
        {
            "bounding_box": [
                [
                    986,
                    1341
                ],
                [
                    1113,
                    1359
                ],
                [
                    1105,
                    1400
                ],
                [
                    978,
                    1383
                ]
            ],
            "text": "ctvuy'",
            "confidence": 0.09785949031624551
        },
        {
            "bounding_box": [
                [
                    704,
                    1433
                ],
                [
                    788,
                    1461
                ],
                [
                    772,
                    1505
                ],
                [
                    689,
                    1478
                ]
            ],
            "text": "~t\"",
            "confidence": 0.11315165150480788
        },
        {
            "bounding_box": [
                [
                    436,
                    2091
                ],
                [
                    573,
                    2079
                ],
                [
                    574,
                    2133
                ],
                [
                    437,
                    2145
                ]
            ],
            "text": "4 Ale",
            "confidence": 0.5636423449487606
        }
    ]
}