{
    "image_filename": "CD-03.jpg",
    "image_path": "/content/images/CD-03.jpg",
    "detections": [
        {
            "bounding_box": [
                [
                    58,
                    34
                ],
                [
                    88,
                    34
                ],
                [
                    88,
                    72
                ],
                [
                    58,
                    72
                ]
            ],
            "text": "3",
            "confidence": 0.9999578003567109
        },
        {
            "bounding_box": [
                [
                    125,
                    33
                ],
                [
                    251,
                    33
                ],
                [
                    251,
                    75
                ],
                [
                    125,
                    75
                ]
            ],
            "text": "Bott",
            "confidence": 0.843273937702179
        },
        {
            "bounding_box": [
                [
                    263,
                    47
                ],
                [
                    319,
                    47
                ],
                [
                    319,
                    83
                ],
                [
                    263,
                    83
                ]
            ],
            "text": "4p",
            "confidence": 0.8157030106317751
        },
        {
            "bounding_box": [
                [
                    223,
                    117
                ],
                [
                    424,
                    117
                ],
                [
                    424,
                    161
                ],
                [
                    223,
                    161
                ]
            ],
            "text": "Bailds m",
            "confidence": 0.47062742669651364
        },
        {
            "bounding_box": [
                [
                    441,
                    131
                ],
                [
                    557,
                    131
                ],
                [
                    557,
                    171
                ],
                [
                    441,
                    171
                ]
            ],
            "text": "posbe",
            "confidence": 0.2898124381730815
        },
        {
            "bounding_box": [
                [
                    574,
                    130
                ],
                [
                    648,
                    130
                ],
                [
                    648,
                    162
                ],
                [
                    574,
                    162
                ]
            ],
            "text": "tu",
            "confidence": 0.21899883449077606
        },
        {
            "bounding_box": [
                [
                    678,
                    120
                ],
                [
                    730,
                    120
                ],
                [
                    730,
                    168
                ],
                [
                    678,
                    168
                ]
            ],
            "text": "b",
            "confidence": 0.7362794468704692
        },
        {
            "bounding_box": [
                [
                    877,
                    121
                ],
                [
                    997,
                    121
                ],
                [
                    997,
                    157
                ],
                [
                    877,
                    157
                ]
            ],
            "text": "c t",
            "confidence": 0.23980238336770043
        },
        {
            "bounding_box": [
                [
                    1007,
                    120
                ],
                [
                    1109,
                    120
                ],
                [
                    1109,
                    156
                ],
                [
                    1007,
                    156
                ]
            ],
            "text": "(anl",
            "confidence": 0.016332656145095825
        },
        {
            "bounding_box": [
                [
                    1130,
                    107
                ],
                [
                    1423,
                    107
                ],
                [
                    1423,
                    168
                ],
                [
                    1130,
                    168
                ]
            ],
            "text": "andl endivd ct",
            "confidence": 0.15362211254441246
        },
        {
            "bounding_box": [
                [
                    246,
                    195
                ],
                [
                    367,
                    195
                ],
                [
                    367,
                    231
                ],
                [
                    246,
                    231
                ]
            ],
            "text": "Tevty",
            "confidence": 0.2885313128360677
        },
        {
            "bounding_box": [
                [
                    40,
                    312
                ],
                [
                    152,
                    312
                ],
                [
                    152,
                    366
                ],
                [
                    40,
                    366
                ]
            ],
            "text": "Eror",
            "confidence": 0.2192198932170868
        },
        {
            "bounding_box": [
                [
                    348,
                    326
                ],
                [
                    388,
                    326
                ],
                [
                    388,
                    352
                ],
                [
                    348,
                    352
                ]
            ],
            "text": "in",
            "confidence": 0.6214730168698452
        },
        {
            "bounding_box": [
                [
                    398,
                    321
                ],
                [
                    539,
                    321
                ],
                [
                    539,
                    377
                ],
                [
                    398,
                    377
                ]
            ],
            "text": "Sadan",
            "confidence": 0.1332780017103434
        },
        {
            "bounding_box": [
                [
                    674,
                    324
                ],
                [
                    704,
                    324
                ],
                [
                    704,
                    364
                ],
                [
                    674,
                    364
                ]
            ],
            "text": "+",
            "confidence": 0.09673799269107608
        },
        {
            "bounding_box": [
                [
                    53,
                    453
                ],
                [
                    160,
                    453
                ],
                [
                    160,
                    495
                ],
                [
                    53,
                    495
                ]
            ],
            "text": "Wher",
            "confidence": 0.7313968539237976
        },
        {
            "bounding_box": [
                [
                    170,
                    460
                ],
                [
                    234,
                    460
                ],
                [
                    234,
                    492
                ],
                [
                    170,
                    492
                ]
            ],
            "text": "t",
            "confidence": 0.25807655219654535
        },
        {
            "bounding_box": [
                [
                    258,
                    464
                ],
                [
                    412,
                    464
                ],
                [
                    412,
                    494
                ],
                [
                    258,
                    494
                ]
            ],
            "text": "4ruove",
            "confidence": 0.021040399561827784
        },
        {
            "bounding_box": [
                [
                    445,
                    461
                ],
                [
                    621,
                    461
                ],
                [
                    621,
                    501
                ],
                [
                    445,
                    501
                ]
            ],
            "text": "8 +openo",
            "confidence": 0.36290474880620677
        },
        {
            "bounding_box": [
                [
                    797,
                    453
                ],
                [
                    891,
                    453
                ],
                [
                    891,
                    495
                ],
                [
                    797,
                    495
                ]
            ],
            "text": "Rron",
            "confidence": 0.050652459263801575
        },
        {
            "bounding_box": [
                [
                    910,
                    452
                ],
                [
                    1238,
                    452
                ],
                [
                    1238,
                    509
                ],
                [
                    910,
                    509
                ]
            ],
            "text": "luni cau aralszem",
            "confidence": 0.2262084932388363
        },
        {
            "bounding_box": [
                [
                    1252,
                    450
                ],
                [
                    1487,
                    450
                ],
                [
                    1487,
                    504
                ],
                [
                    1252,
                    504
                ]
            ],
            "text": "dusobers tbt",
            "confidence": 0.07086468905510006
        },
        {
            "bounding_box": [
                [
                    55,
                    539
                ],
                [
                    251,
                    539
                ],
                [
                    251,
                    579
                ],
                [
                    55,
                    579
                ]
            ],
            "text": "9tarna_tca4",
            "confidence": 0.028196112290733922
        },
        {
            "bounding_box": [
                [
                    266,
                    542
                ],
                [
                    350,
                    542
                ],
                [
                    350,
                    574
                ],
                [
                    266,
                    574
                ]
            ],
            "text": "Neee",
            "confidence": 0.04572566598653793
        },
        {
            "bounding_box": [
                [
                    365,
                    539
                ],
                [
                    409,
                    539
                ],
                [
                    409,
                    583
                ],
                [
                    365,
                    583
                ]
            ],
            "text": "8",
            "confidence": 0.18572261678531632
        },
        {
            "bounding_box": [
                [
                    424,
                    542
                ],
                [
                    456,
                    542
                ],
                [
                    456,
                    572
                ],
                [
                    424,
                    572
                ]
            ],
            "text": "a",
            "confidence": 0.9531231695100395
        },
        {
            "bounding_box": [
                [
                    464,
                    533
                ],
                [
                    645,
                    533
                ],
                [
                    645,
                    596
                ],
                [
                    464,
                    596
                ]
            ],
            "text": "to~aue & '",
            "confidence": 0.017378655830896445
        },
        {
            "bounding_box": [
                [
                    636,
                    552
                ],
                [
                    676,
                    552
                ],
                [
                    676,
                    582
                ],
                [
                    636,
                    582
                ]
            ],
            "text": "<'",
            "confidence": 0.19323491368374407
        },
        {
            "bounding_box": [
                [
                    702,
                    541
                ],
                [
                    886,
                    541
                ],
                [
                    886,
                    591
                ],
                [
                    702,
                    591
                ]
            ],
            "text": "Saoetacls",
            "confidence": 0.19254491427781925
        },
        {
            "bounding_box": [
                [
                    908,
                    548
                ],
                [
                    996,
                    548
                ],
                [
                    996,
                    574
                ],
                [
                    908,
                    574
                ]
            ],
            "text": "Unt",
            "confidence": 0.15613385893550055
        },
        {
            "bounding_box": [
                [
                    1014,
                    544
                ],
                [
                    1142,
                    544
                ],
                [
                    1142,
                    570
                ],
                [
                    1014,
                    570
                ]
            ],
            "text": "OClLJU",
            "confidence": 0.15066250338591103
        },
        {
            "bounding_box": [
                [
                    62,
                    658
                ],
                [
                    132,
                    658
                ],
                [
                    132,
                    690
                ],
                [
                    62,
                    690
                ]
            ],
            "text": "Tk",
            "confidence": 0.25334011550522256
        },
        {
            "bounding_box": [
                [
                    130,
                    652
                ],
                [
                    261,
                    652
                ],
                [
                    261,
                    703
                ],
                [
                    130,
                    703
                ]
            ],
            "text": "foiloes: =",
            "confidence": 0.04906455923133314
        },
        {
            "bounding_box": [
                [
                    256,
                    668
                ],
                [
                    292,
                    668
                ],
                [
                    292,
                    692
                ],
                [
                    256,
                    692
                ]
            ],
            "text": "Vd",
            "confidence": 0.05043435003811081
        },
        {
            "bounding_box": [
                [
                    314,
                    658
                ],
                [
                    513,
                    658
                ],
                [
                    513,
                    710
                ],
                [
                    314,
                    710
                ]
            ],
            "text": "tehniqvlas",
            "confidence": 0.11284147376269474
        },
        {
            "bounding_box": [
                [
                    526,
                    664
                ],
                [
                    614,
                    664
                ],
                [
                    614,
                    692
                ],
                [
                    526,
                    692
                ]
            ],
            "text": "OJ",
            "confidence": 0.16359985865153423
        },
        {
            "bounding_box": [
                [
                    623,
                    656
                ],
                [
                    791,
                    656
                ],
                [
                    791,
                    692
                ],
                [
                    623,
                    692
                ]
            ],
            "text": "ck 67A",
            "confidence": 0.061647180209418485
        },
        {
            "bounding_box": [
                [
                    795,
                    647
                ],
                [
                    1203,
                    647
                ],
                [
                    1203,
                    707
                ],
                [
                    795,
                    707
                ]
            ],
            "text": "by Sxntav aralyzev",
            "confidence": 0.3571985502241329
        },
        {
            "bounding_box": [
                [
                    1240,
                    654
                ],
                [
                    1282,
                    654
                ],
                [
                    1282,
                    680
                ],
                [
                    1240,
                    680
                ]
            ],
            "text": "+D",
            "confidence": 0.4357460833431811
        },
        {
            "bounding_box": [
                [
                    1286,
                    640
                ],
                [
                    1413,
                    640
                ],
                [
                    1413,
                    681
                ],
                [
                    1286,
                    681
                ]
            ],
            "text": "bardiz",
            "confidence": 0.27430846757382793
        },
        {
            "bounding_box": [
                [
                    62,
                    750
                ],
                [
                    168,
                    750
                ],
                [
                    168,
                    780
                ],
                [
                    62,
                    780
                ]
            ],
            "text": "@m^",
            "confidence": 0.7238529586456155
        },
        {
            "bounding_box": [
                [
                    92,
                    862
                ],
                [
                    118,
                    862
                ],
                [
                    118,
                    892
                ],
                [
                    92,
                    892
                ]
            ],
            "text": "1",
            "confidence": 0.981330261915847
        },
        {
            "bounding_box": [
                [
                    86,
                    966
                ],
                [
                    114,
                    966
                ],
                [
                    114,
                    1000
                ],
                [
                    86,
                    1000
                ]
            ],
            "text": "2 _",
            "confidence": 0.8767597079277039
        },
        {
            "bounding_box": [
                [
                    299,
                    958
                ],
                [
                    664,
                    958
                ],
                [
                    664,
                    1014
                ],
                [
                    299,
                    1014
                ]
            ],
            "text": "from tm dio covanad",
            "confidence": 0.22041516142778866
        },
        {
            "bounding_box": [
                [
                    674,
                    982
                ],
                [
                    776,
                    982
                ],
                [
                    776,
                    1010
                ],
                [
                    674,
                    1010
                ]
            ],
            "text": "emw",
            "confidence": 0.5635131448201299
        },
        {
            "bounding_box": [
                [
                    88,
                    1076
                ],
                [
                    120,
                    1076
                ],
                [
                    120,
                    1112
                ],
                [
                    88,
                    1112
                ]
            ],
            "text": "2 ",
            "confidence": 0.21145465891796694
        },
        {
            "bounding_box": [
                [
                    151,
                    1077
                ],
                [
                    289,
                    1077
                ],
                [
                    289,
                    1115
                ],
                [
                    151,
                    1115
                ]
            ],
            "text": "#v 04",
            "confidence": 0.21801600318731812
        },
        {
            "bounding_box": [
                [
                    316,
                    1086
                ],
                [
                    386,
                    1086
                ],
                [
                    386,
                    1116
                ],
                [
                    316,
                    1116
                ]
            ],
            "text": "nox",
            "confidence": 0.19056331308935742
        },
        {
            "bounding_box": [
                [
                    546,
                    1082
                ],
                [
                    658,
                    1082
                ],
                [
                    658,
                    1130
                ],
                [
                    546,
                    1130
                ]
            ],
            "text": "deur",
            "confidence": 0.17143221199512482
        },
        {
            "bounding_box": [
                [
                    680,
                    1094
                ],
                [
                    746,
                    1094
                ],
                [
                    746,
                    1124
                ],
                [
                    680,
                    1124
                ]
            ],
            "text": "h",
            "confidence": 0.14761830153283118
        },
        {
            "bounding_box": [
                [
                    765,
                    1087
                ],
                [
                    962,
                    1087
                ],
                [
                    962,
                    1151
                ],
                [
                    765,
                    1151
                ]
            ],
            "text": "Rrurina",
            "confidence": 0.2652416340477308
        },
        {
            "bounding_box": [
                [
                    1025,
                    1087
                ],
                [
                    1239,
                    1087
                ],
                [
                    1239,
                    1127
                ],
                [
                    1025,
                    1127
                ]
            ],
            "text": "+_ tenaiJ",
            "confidence": 0.05187933215693878
        },
        {
            "bounding_box": [
                [
                    1349,
                    1087
                ],
                [
                    1526,
                    1087
                ],
                [
                    1526,
                    1136
                ],
                [
                    1349,
                    1136
                ]
            ],
            "text": "Prgramn_",
            "confidence": 0.10329420477788596
        },
        {
            "bounding_box": [
                [
                    23,
                    1190
                ],
                [
                    136,
                    1190
                ],
                [
                    136,
                    1250
                ],
                [
                    23,
                    1250
                ]
            ],
            "text": "Crr",
            "confidence": 0.10102795526668755
        },
        {
            "bounding_box": [
                [
                    545,
                    1227
                ],
                [
                    585,
                    1227
                ],
                [
                    585,
                    1269
                ],
                [
                    545,
                    1269
                ]
            ],
            "text": "4",
            "confidence": 0.9153950376296507
        },
        {
            "bounding_box": [
                [
                    51,
                    1347
                ],
                [
                    95,
                    1347
                ],
                [
                    95,
                    1387
                ],
                [
                    51,
                    1387
                ]
            ],
            "text": "1 .",
            "confidence": 0.507209837436676
        },
        {
            "bounding_box": [
                [
                    116,
                    1342
                ],
                [
                    242,
                    1342
                ],
                [
                    242,
                    1392
                ],
                [
                    116,
                    1392
                ]
            ],
            "text": "Ponic",
            "confidence": 0.4930686783340913
        },
        {
            "bounding_box": [
                [
                    265,
                    1351
                ],
                [
                    383,
                    1351
                ],
                [
                    383,
                    1395
                ],
                [
                    265,
                    1395
                ]
            ],
            "text": "Mode",
            "confidence": 0.8795749545097351
        },
        {
            "bounding_box": [
                [
                    562,
                    1366
                ],
                [
                    594,
                    1366
                ],
                [
                    594,
                    1412
                ],
                [
                    562,
                    1412
                ]
            ],
            "text": "9",
            "confidence": 0.32075426140218966
        },
        {
            "bounding_box": [
                [
                    187,
                    1465
                ],
                [
                    274,
                    1465
                ],
                [
                    274,
                    1509
                ],
                [
                    187,
                    1509
                ]
            ],
            "text": "T_",
            "confidence": 0.36974345694724164
        },
        {
            "bounding_box": [
                [
                    320,
                    1466
                ],
                [
                    733,
                    1466
                ],
                [
                    733,
                    1518
                ],
                [
                    320,
                    1518
                ]
            ],
            "text": "Posu discords #",
            "confidence": 0.2681625967616937
        },
        {
            "bounding_box": [
                [
                    756,
                    1470
                ],
                [
                    954,
                    1470
                ],
                [
                    954,
                    1518
                ],
                [
                    756,
                    1518
                ]
            ],
            "text": "Yp {s76o",
            "confidence": 0.06545876565314256
        },
        {
            "bounding_box": [
                [
                    982,
                    1480
                ],
                [
                    1054,
                    1480
                ],
                [
                    1054,
                    1508
                ],
                [
                    982,
                    1508
                ]
            ],
            "text": "onL",
            "confidence": 0.08415322956080215
        },
        {
            "bounding_box": [
                [
                    1076,
                    1478
                ],
                [
                    1132,
                    1478
                ],
                [
                    1132,
                    1508
                ],
                [
                    1076,
                    1508
                ]
            ],
            "text": "c",
            "confidence": 0.8286708617461045
        },
        {
            "bounding_box": [
                [
                    1143,
                    1481
                ],
                [
                    1179,
                    1481
                ],
                [
                    1179,
                    1501
                ],
                [
                    1143,
                    1501
                ]
            ],
            "text": "C-",
            "confidence": 0.024715340694722695
        },
        {
            "bounding_box": [
                [
                    1183,
                    1471
                ],
                [
                    1295,
                    1471
                ],
                [
                    1295,
                    1507
                ],
                [
                    1183,
                    1507
                ]
            ],
            "text": "+me",
            "confidence": 0.7453252091525515
        },
        {
            "bounding_box": [
                [
                    1318,
                    1465
                ],
                [
                    1425,
                    1465
                ],
                [
                    1425,
                    1503
                ],
                [
                    1318,
                    1503
                ]
            ],
            "text": "un#1i",
            "confidence": 0.3632953042002609
        },
        {
            "bounding_box": [
                [
                    256,
                    1562
                ],
                [
                    338,
                    1562
                ],
                [
                    338,
                    1594
                ],
                [
                    256,
                    1594
                ]
            ],
            "text": "O",
            "confidence": 0.4916691641816193
        },
        {
            "bounding_box": [
                [
                    449,
                    1563
                ],
                [
                    527,
                    1563
                ],
                [
                    527,
                    1601
                ],
                [
                    449,
                    1601
                ]
            ],
            "text": "+",
            "confidence": 0.20371394707882828
        },
        {
            "bounding_box": [
                [
                    549,
                    1561
                ],
                [
                    766,
                    1561
                ],
                [
                    766,
                    1618
                ],
                [
                    549,
                    1618
                ]
            ],
            "text": "dusiqroced",
            "confidence": 0.6291437286224943
        },
        {
            "bounding_box": [
                [
                    788,
                    1568
                ],
                [
                    1182,
                    1568
                ],
                [
                    1182,
                    1620
                ],
                [
                    788,
                    1620
                ]
            ],
            "text": "set 9 Sdrchronizira",
            "confidence": 0.12151955045665444
        },
        {
            "bounding_box": [
                [
                    1195,
                    1565
                ],
                [
                    1358,
                    1565
                ],
                [
                    1358,
                    1614
                ],
                [
                    1195,
                    1614
                ]
            ],
            "text": "tkervo 'w",
            "confidence": 0.19529342028754132
        },
        {
            "bounding_box": [
                [
                    258,
                    1639
                ],
                [
                    403,
                    1639
                ],
                [
                    403,
                    1700
                ],
                [
                    258,
                    1700
                ]
            ],
            "text": "Pund -",
            "confidence": 0.43154244289554444
        },
        {
            "bounding_box": [
                [
                    177,
                    1755
                ],
                [
                    561,
                    1755
                ],
                [
                    561,
                    1818
                ],
                [
                    177,
                    1818
                ]
            ],
            "text": "Avnojor dreuu-beck",
            "confidence": 0.16765203133937112
        },
        {
            "bounding_box": [
                [
                    587,
                    1761
                ],
                [
                    649,
                    1761
                ],
                [
                    649,
                    1803
                ],
                [
                    587,
                    1803
                ]
            ],
            "text": "fr",
            "confidence": 0.814558608424575
        },
        {
            "bounding_box": [
                [
                    663,
                    1765
                ],
                [
                    863,
                    1765
                ],
                [
                    863,
                    1803
                ],
                [
                    663,
                    1803
                ]
            ],
            "text": "Ano +ds",
            "confidence": 0.10010886161551269
        },
        {
            "bounding_box": [
                [
                    873,
                    1767
                ],
                [
                    1009,
                    1767
                ],
                [
                    1009,
                    1805
                ],
                [
                    873,
                    1805
                ]
            ],
            "text": "3 tbot",
            "confidence": 0.18652858917483434
        },
        {
            "bounding_box": [
                [
                    1028,
                    1759
                ],
                [
                    1477,
                    1759
                ],
                [
                    1477,
                    1815
                ],
                [
                    1028,
                    1815
                ]
            ],
            "text": "i+ &i> inefbicient Resuulbs",
            "confidence": 0.10735327395817845
        },
        {
            "bounding_box": [
                [
                    198,
                    1847
                ],
                [
                    307,
                    1847
                ],
                [
                    307,
                    1885
                ],
                [
                    198,
                    1885
                ]
            ],
            "text": "bsten",
            "confidence": 0.1336196888221365
        },
        {
            "bounding_box": [
                [
                    325,
                    1839
                ],
                [
                    493,
                    1839
                ],
                [
                    493,
                    1899
                ],
                [
                    325,
                    1899
                ]
            ],
            "text": "rultiple",
            "confidence": 0.5958336692458123
        },
        {
            "bounding_box": [
                [
                    509,
                    1857
                ],
                [
                    600,
                    1857
                ],
                [
                    600,
                    1885
                ],
                [
                    509,
                    1885
                ]
            ],
            "text": "Um",
            "confidence": 0.0967303318974916
        },
        {
            "bounding_box": [
                [
                    620,
                    1856
                ],
                [
                    696,
                    1856
                ],
                [
                    696,
                    1882
                ],
                [
                    620,
                    1882
                ]
            ],
            "text": "OUL",
            "confidence": 0.22394923583516127
        },
        {
            "bounding_box": [
                [
                    718,
                    1849
                ],
                [
                    851,
                    1849
                ],
                [
                    851,
                    1903
                ],
                [
                    718,
                    1903
                ]
            ],
            "text": "Presert",
            "confidence": 0.7665273847282291
        },
        {
            "bounding_box": [
                [
                    872,
                    1852
                ],
                [
                    920,
                    1852
                ],
                [
                    920,
                    1884
                ],
                [
                    872,
                    1884
                ]
            ],
            "text": "{x",
            "confidence": 0.02015768366325465
        },
        {
            "bounding_box": [
                [
                    930,
                    1856
                ],
                [
                    964,
                    1856
                ],
                [
                    964,
                    1882
                ],
                [
                    930,
                    1882
                ]
            ],
            "text": "0",
            "confidence": 0.8998653570752282
        },
        {
            "bounding_box": [
                [
                    974,
                    1846
                ],
                [
                    1284,
                    1846
                ],
                [
                    1284,
                    1896
                ],
                [
                    974,
                    1896
                ]
            ],
            "text": "4iyab Ataltant",
            "confidence": 0.02526087871997351
        },
        {
            "bounding_box": [
                [
                    159,
                    1963
                ],
                [
                    209,
                    1963
                ],
                [
                    209,
                    2005
                ],
                [
                    159,
                    2005
                ]
            ],
            "text": "J+",
            "confidence": 0.7640652055827694
        },
        {
            "bounding_box": [
                [
                    218,
                    1970
                ],
                [
                    256,
                    1970
                ],
                [
                    256,
                    2002
                ],
                [
                    218,
                    2002
                ]
            ],
            "text": "M",
            "confidence": 0.03728024626411841
        },
        {
            "bounding_box": [
                [
                    266,
                    1976
                ],
                [
                    296,
                    1976
                ],
                [
                    296,
                    2000
                ],
                [
                    266,
                    2000
                ]
            ],
            "text": "0",
            "confidence": 0.38992175847059585
        },
        {
            "bounding_box": [
                [
                    314,
                    1966
                ],
                [
                    610,
                    1966
                ],
                [
                    610,
                    2014
                ],
                [
                    314,
                    2014
                ]
            ],
            "text": "Nirpw axirach",
            "confidence": 0.02223210130525383
        },
        {
            "bounding_box": [
                [
                    625,
                    1973
                ],
                [
                    709,
                    1973
                ],
                [
                    709,
                    2011
                ],
                [
                    625,
                    2011
                ]
            ],
            "text": "tos",
            "confidence": 0.20009642629850727
        },
        {
            "bounding_box": [
                [
                    725,
                    1973
                ],
                [
                    805,
                    1973
                ],
                [
                    805,
                    2011
                ],
                [
                    725,
                    2011
                ]
            ],
            "text": "doen",
            "confidence": 0.39034461975097656
        },
        {
            "bounding_box": [
                [
                    820,
                    1980
                ],
                [
                    890,
                    1980
                ],
                [
                    890,
                    2006
                ],
                [
                    820,
                    2006
                ]
            ],
            "text": "70 $",
            "confidence": 0.12727098166942596
        },
        {
            "bounding_box": [
                [
                    926,
                    1978
                ],
                [
                    986,
                    1978
                ],
                [
                    986,
                    2026
                ],
                [
                    926,
                    2026
                ]
            ],
            "text": "8 8",
            "confidence": 0.11685357364260485
        },
        {
            "bounding_box": [
                [
                    998,
                    1978
                ],
                [
                    1072,
                    1978
                ],
                [
                    1072,
                    2008
                ],
                [
                    998,
                    2008
                ]
            ],
            "text": "intv",
            "confidence": 0.24626712501049042
        },
        {
            "bounding_box": [
                [
                    1096,
                    1969
                ],
                [
                    1241,
                    1969
                ],
                [
                    1241,
                    2022
                ],
                [
                    1096,
                    2022
                ]
            ],
            "text": "~fint",
            "confidence": 0.7234075358534001
        },
        {
            "bounding_box": [
                [
                    1423,
                    115
                ],
                [
                    1485,
                    123
                ],
                [
                    1481,
                    149
                ],
                [
                    1418,
                    141
                ]
            ],
            "text": "+",
            "confidence": 0.9239110524229979
        },
        {
            "bounding_box": [
                [
                    738,
                    111
                ],
                [
                    875,
                    130
                ],
                [
                    866,
                    174
                ],
                [
                    730,
                    155
                ]
            ],
            "text": "boxtind",
            "confidence": 0.41201265716543384
        },
        {
            "bounding_box": [
                [
                    551,
                    308
                ],
                [
                    683,
                    325
                ],
                [
                    675,
                    375
                ],
                [
                    542,
                    358
                ]
            ],
            "text": "Aclo _",
            "confidence": 0.20753269953623163
        },
        {
            "bounding_box": [
                [
                    168,
                    312
                ],
                [
                    332,
                    332
                ],
                [
                    324,
                    375
                ],
                [
                    160,
                    355
                ]
            ],
            "text": "kcrrdl-a",
            "confidence": 0.0537686401927739
        },
        {
            "bounding_box": [
                [
                    650,
                    449
                ],
                [
                    783,
                    468
                ],
                [
                    774,
                    514
                ],
                [
                    641,
                    495
                ]
            ],
            "text": "Cor-9",
            "confidence": 0.18712558511726146
        },
        {
            "bounding_box": [
                [
                    141,
                    849
                ],
                [
                    277,
                    868
                ],
                [
                    267,
                    922
                ],
                [
                    130,
                    903
                ]
            ],
            "text": "Lcpov+",
            "confidence": 0.1664541526965566
        },
        {
            "bounding_box": [
                [
                    287,
                    862
                ],
                [
                    407,
                    877
                ],
                [
                    400,
                    914
                ],
                [
                    281,
                    899
                ]
            ],
            "text": "677*",
            "confidence": 0.026507284492254257
        },
        {
            "bounding_box": [
                [
                    143,
                    956
                ],
                [
                    285,
                    982
                ],
                [
                    275,
                    1024
                ],
                [
                    133,
                    999
                ]
            ],
            "text": "Rcceyan",
            "confidence": 0.12292600604876612
        },
        {
            "bounding_box": [
                [
                    398,
                    1071
                ],
                [
                    536,
                    1100
                ],
                [
                    525,
                    1142
                ],
                [
                    387,
                    1114
                ]
            ],
            "text": "soa",
            "confidence": 0.35473214377891654
        },
        {
            "bounding_box": [
                [
                    1238,
                    1072
                ],
                [
                    1348,
                    1097
                ],
                [
                    1336,
                    1140
                ],
                [
                    1226,
                    1115
                ]
            ],
            "text": "~iq",
            "confidence": 0.17234475061318902
        },
        {
            "bounding_box": [
                [
                    163,
                    1202
                ],
                [
                    348,
                    1223
                ],
                [
                    340,
                    1266
                ],
                [
                    156,
                    1244
                ]
            ],
            "text": "Receyy",
            "confidence": 0.5163120891131149
        },
        {
            "bounding_box": [
                [
                    372,
                    1198
                ],
                [
                    558,
                    1222
                ],
                [
                    549,
                    1271
                ],
                [
                    363,
                    1247
                ]
            ],
            "text": "Sreterd",
            "confidence": 0.40054694275480307
        },
        {
            "bounding_box": [
                [
                    404,
                    1340
                ],
                [
                    572,
                    1363
                ],
                [
                    562,
                    1410
                ],
                [
                    395,
                    1386
                ]
            ],
            "text": "Strotera\"",
            "confidence": 0.4084674729091054
        },
        {
            "bounding_box": [
                [
                    1255,
                    1970
                ],
                [
                    1339,
                    1982
                ],
                [
                    1331,
                    2020
                ],
                [
                    1248,
                    2008
                ]
            ],
            "text": "toops",
            "confidence": 0.33035752752146613
        }
    ]
}