{
    "image_filename": "CD-06.jpg",
    "image_path": "/content/images/CD-06.jpg",
    "detections": [
        {
            "bounding_box": [
                [
                    41,
                    60
                ],
                [
                    224,
                    60
                ],
                [
                    224,
                    128
                ],
                [
                    41,
                    128
                ]
            ],
            "text": "Comron",
            "confidence": 0.31723487541973044
        },
        {
            "bounding_box": [
                [
                    254,
                    81
                ],
                [
                    463,
                    81
                ],
                [
                    463,
                    125
                ],
                [
                    254,
                    125
                ]
            ],
            "text": "notcton",
            "confidence": 0.40363092443299575
        },
        {
            "bounding_box": [
                [
                    128,
                    233
                ],
                [
                    351,
                    233
                ],
                [
                    351,
                    288
                ],
                [
                    128,
                    288
                ]
            ],
            "text": "Production",
            "confidence": 0.6001815523924259
        },
        {
            "bounding_box": [
                [
                    185,
                    333
                ],
                [
                    479,
                    333
                ],
                [
                    479,
                    377
                ],
                [
                    185,
                    377
                ]
            ],
            "text": "0) ? & -",
            "confidence": 0.2870776869864013
        },
        {
            "bounding_box": [
                [
                    601,
                    327
                ],
                [
                    751,
                    327
                ],
                [
                    751,
                    369
                ],
                [
                    601,
                    369
                ]
            ],
            "text": "Deriw",
            "confidence": 0.9338296381947672
        },
        {
            "bounding_box": [
                [
                    766,
                    328
                ],
                [
                    816,
                    328
                ],
                [
                    816,
                    356
                ],
                [
                    766,
                    356
                ]
            ],
            "text": "in",
            "confidence": 0.08463744032564169
        },
        {
            "bounding_box": [
                [
                    847,
                    318
                ],
                [
                    1006,
                    318
                ],
                [
                    1006,
                    362
                ],
                [
                    847,
                    362
                ]
            ],
            "text": "orc sty",
            "confidence": 0.06287712367027162
        },
        {
            "bounding_box": [
                [
                    1046,
                    312
                ],
                [
                    1200,
                    312
                ],
                [
                    1200,
                    368
                ],
                [
                    1046,
                    368
                ]
            ],
            "text": "(a _o)",
            "confidence": 0.5439355670496651
        },
        {
            "bounding_box": [
                [
                    175,
                    397
                ],
                [
                    492,
                    397
                ],
                [
                    492,
                    498
                ],
                [
                    175,
                    498
                ]
            ],
            "text": "6) & ~ _",
            "confidence": 0.3613807996419456
        },
        {
            "bounding_box": [
                [
                    583,
                    443
                ],
                [
                    721,
                    443
                ],
                [
                    721,
                    481
                ],
                [
                    583,
                    481
                ]
            ],
            "text": "Devivu>",
            "confidence": 0.13432265795123155
        },
        {
            "bounding_box": [
                [
                    752,
                    444
                ],
                [
                    796,
                    444
                ],
                [
                    796,
                    468
                ],
                [
                    752,
                    468
                ]
            ],
            "text": "mn",
            "confidence": 0.11429150457164938
        },
        {
            "bounding_box": [
                [
                    818,
                    438
                ],
                [
                    854,
                    438
                ],
                [
                    854,
                    466
                ],
                [
                    818,
                    466
                ]
            ],
            "text": "0",
            "confidence": 0.9986237257738004
        },
        {
            "bounding_box": [
                [
                    873,
                    439
                ],
                [
                    907,
                    439
                ],
                [
                    907,
                    459
                ],
                [
                    873,
                    459
                ]
            ],
            "text": "cr",
            "confidence": 0.12745877523031637
        },
        {
            "bounding_box": [
                [
                    932,
                    425
                ],
                [
                    1137,
                    425
                ],
                [
                    1137,
                    464
                ],
                [
                    932,
                    464
                ]
            ],
            "text": "Ton&_X+ps",
            "confidence": 0.01209820435618969
        },
        {
            "bounding_box": [
                [
                    1191,
                    405
                ],
                [
                    1405,
                    405
                ],
                [
                    1405,
                    469
                ],
                [
                    1191,
                    469
                ]
            ],
            "text": "( < ~abe)",
            "confidence": 0.5886065794333775
        },
        {
            "bounding_box": [
                [
                    176,
                    512
                ],
                [
                    498,
                    512
                ],
                [
                    498,
                    592
                ],
                [
                    176,
                    592
                ]
            ],
            "text": "4) + ~ +",
            "confidence": 0.6116662411564446
        },
        {
            "bounding_box": [
                [
                    579,
                    549
                ],
                [
                    727,
                    549
                ],
                [
                    727,
                    593
                ],
                [
                    579,
                    593
                ]
            ],
            "text": "Denw",
            "confidence": 0.28186318278312683
        },
        {
            "bounding_box": [
                [
                    744,
                    549
                ],
                [
                    796,
                    549
                ],
                [
                    796,
                    586
                ],
                [
                    744,
                    586
                ]
            ],
            "text": "in",
            "confidence": 0.9067584361599546
        },
        {
            "bounding_box": [
                [
                    818,
                    552
                ],
                [
                    886,
                    552
                ],
                [
                    886,
                    582
                ],
                [
                    818,
                    582
                ]
            ],
            "text": "1 *",
            "confidence": 0.33441388607025146
        },
        {
            "bounding_box": [
                [
                    907,
                    550
                ],
                [
                    1004,
                    550
                ],
                [
                    1004,
                    577
                ],
                [
                    907,
                    577
                ]
            ],
            "text": "~cot&",
            "confidence": 0.14015044668686358
        },
        {
            "bounding_box": [
                [
                    1025,
                    543
                ],
                [
                    1117,
                    543
                ],
                [
                    1117,
                    588
                ],
                [
                    1025,
                    588
                ]
            ],
            "text": "sps",
            "confidence": 0.42167599418039614
        },
        {
            "bounding_box": [
                [
                    110,
                    702
                ],
                [
                    243,
                    702
                ],
                [
                    243,
                    757
                ],
                [
                    110,
                    757
                ]
            ],
            "text": "9$ we",
            "confidence": 0.3889796731089756
        },
        {
            "bounding_box": [
                [
                    253,
                    716
                ],
                [
                    351,
                    716
                ],
                [
                    351,
                    752
                ],
                [
                    253,
                    752
                ]
            ],
            "text": "hav}",
            "confidence": 0.1482757329940796
        },
        {
            "bounding_box": [
                [
                    366,
                    726
                ],
                [
                    400,
                    726
                ],
                [
                    400,
                    750
                ],
                [
                    366,
                    750
                ]
            ],
            "text": "0r",
            "confidence": 0.11356357701603305
        },
        {
            "bounding_box": [
                [
                    422,
                    709
                ],
                [
                    598,
                    709
                ],
                [
                    598,
                    775
                ],
                [
                    422,
                    775
                ]
            ],
            "text": "arammor",
            "confidence": 0.31776255438948336
        },
        {
            "bounding_box": [
                [
                    613,
                    709
                ],
                [
                    657,
                    709
                ],
                [
                    657,
                    751
                ],
                [
                    613,
                    751
                ]
            ],
            "text": "6",
            "confidence": 0.759447553945737
        },
        {
            "bounding_box": [
                [
                    699,
                    719
                ],
                [
                    789,
                    719
                ],
                [
                    789,
                    757
                ],
                [
                    699,
                    757
                ]
            ],
            "text": "tnn",
            "confidence": 0.4288721040210372
        },
        {
            "bounding_box": [
                [
                    806,
                    720
                ],
                [
                    870,
                    720
                ],
                [
                    870,
                    752
                ],
                [
                    806,
                    752
                ]
            ],
            "text": "t",
            "confidence": 0.2805940678050014
        },
        {
            "bounding_box": [
                [
                    1052,
                    706
                ],
                [
                    1378,
                    706
                ],
                [
                    1378,
                    762
                ],
                [
                    1052,
                    762
                ]
            ],
            "text": "&ruali ba +i",
            "confidence": 0.09088053934263196
        },
        {
            "bounding_box": [
                [
                    128,
                    804
                ],
                [
                    312,
                    804
                ],
                [
                    312,
                    854
                ],
                [
                    128,
                    854
                ]
            ],
            "text": "Jromrav",
            "confidence": 0.2010473451779321
        },
        {
            "bounding_box": [
                [
                    334,
                    816
                ],
                [
                    366,
                    816
                ],
                [
                    366,
                    842
                ],
                [
                    334,
                    842
                ]
            ],
            "text": "D",
            "confidence": 0.030049589255476628
        },
        {
            "bounding_box": [
                [
                    404,
                    802
                ],
                [
                    553,
                    802
                ],
                [
                    553,
                    858
                ],
                [
                    404,
                    858
                ]
            ],
            "text": "denotcd",
            "confidence": 0.8144928676264436
        },
        {
            "bounding_box": [
                [
                    572,
                    810
                ],
                [
                    632,
                    810
                ],
                [
                    632,
                    862
                ],
                [
                    572,
                    862
                ]
            ],
            "text": "bd",
            "confidence": 0.8644508503468903
        },
        {
            "bounding_box": [
                [
                    689,
                    801
                ],
                [
                    821,
                    801
                ],
                [
                    821,
                    863
                ],
                [
                    689,
                    863
                ]
            ],
            "text": "L (6) _",
            "confidence": 0.49254785999259415
        },
        {
            "bounding_box": [
                [
                    82,
                    942
                ],
                [
                    114,
                    942
                ],
                [
                    114,
                    978
                ],
                [
                    82,
                    978
                ]
            ],
            "text": "A",
            "confidence": 0.6842351803256328
        },
        {
            "bounding_box": [
                [
                    257,
                    945
                ],
                [
                    311,
                    945
                ],
                [
                    311,
                    985
                ],
                [
                    257,
                    985
                ]
            ],
            "text": "W",
            "confidence": 0.9013779172346972
        },
        {
            "bounding_box": [
                [
                    327,
                    947
                ],
                [
                    459,
                    947
                ],
                [
                    459,
                    987
                ],
                [
                    327,
                    987
                ]
            ],
            "text": "LAi bx",
            "confidence": 0.04405585013525556
        },
        {
            "bounding_box": [
                [
                    460,
                    945
                ],
                [
                    603,
                    945
                ],
                [
                    603,
                    997
                ],
                [
                    460,
                    997
                ]
            ],
            "text": "Presenu",
            "confidence": 0.47724327085020024
        },
        {
            "bounding_box": [
                [
                    628,
                    948
                ],
                [
                    666,
                    948
                ],
                [
                    666,
                    980
                ],
                [
                    628,
                    980
                ]
            ],
            "text": "in",
            "confidence": 0.9682572642414773
        },
        {
            "bounding_box": [
                [
                    692,
                    936
                ],
                [
                    796,
                    936
                ],
                [
                    796,
                    992
                ],
                [
                    692,
                    992
                ]
            ],
            "text": "L(o)",
            "confidence": 0.4595222473144531
        },
        {
            "bounding_box": [
                [
                    824,
                    938
                ],
                [
                    876,
                    938
                ],
                [
                    876,
                    992
                ],
                [
                    824,
                    992
                ]
            ],
            "text": "iM",
            "confidence": 0.3934005817494549
        },
        {
            "bounding_box": [
                [
                    930,
                    913
                ],
                [
                    1134,
                    913
                ],
                [
                    1134,
                    993
                ],
                [
                    930,
                    993
                ]
            ],
            "text": "s _W",
            "confidence": 0.2136486006001744
        },
        {
            "bounding_box": [
                [
                    83,
                    1037
                ],
                [
                    261,
                    1037
                ],
                [
                    261,
                    1077
                ],
                [
                    83,
                    1077
                ]
            ],
            "text": "Gvarcno~",
            "confidence": 0.1659955826231067
        },
        {
            "bounding_box": [
                [
                    270,
                    1044
                ],
                [
                    300,
                    1044
                ],
                [
                    300,
                    1070
                ],
                [
                    270,
                    1070
                ]
            ],
            "text": "x",
            "confidence": 0.08108735707659154
        },
        {
            "bounding_box": [
                [
                    319,
                    1040
                ],
                [
                    429,
                    1040
                ],
                [
                    429,
                    1083
                ],
                [
                    319,
                    1083
                ]
            ],
            "text": "c+tt",
            "confidence": 0.17041230201721191
        },
        {
            "bounding_box": [
                [
                    441,
                    1039
                ],
                [
                    515,
                    1039
                ],
                [
                    515,
                    1077
                ],
                [
                    441,
                    1077
                ]
            ],
            "text": "hu",
            "confidence": 0.14693427086304708
        },
        {
            "bounding_box": [
                [
                    533,
                    1039
                ],
                [
                    725,
                    1039
                ],
                [
                    725,
                    1081
                ],
                [
                    533,
                    1081
                ]
            ],
            "text": "Oramnov",
            "confidence": 0.09755787253805893
        },
        {
            "bounding_box": [
                [
                    76,
                    1111
                ],
                [
                    270,
                    1111
                ],
                [
                    270,
                    1172
                ],
                [
                    76,
                    1172
                ]
            ],
            "text": "Equsvallnt",
            "confidence": 0.40777496879336544
        },
        {
            "bounding_box": [
                [
                    293,
                    1129
                ],
                [
                    449,
                    1129
                ],
                [
                    449,
                    1173
                ],
                [
                    293,
                    1173
                ]
            ],
            "text": "Jrarnmow",
            "confidence": 0.14946698596108127
        },
        {
            "bounding_box": [
                [
                    484,
                    1120
                ],
                [
                    628,
                    1120
                ],
                [
                    628,
                    1168
                ],
                [
                    484,
                    1168
                ]
            ],
            "text": "J +0",
            "confidence": 0.3255316913127899
        },
        {
            "bounding_box": [
                [
                    639,
                    1129
                ],
                [
                    823,
                    1129
                ],
                [
                    823,
                    1171
                ],
                [
                    639,
                    1171
                ]
            ],
            "text": "Ganwan",
            "confidence": 0.06998528289271358
        },
        {
            "bounding_box": [
                [
                    845,
                    1127
                ],
                [
                    987,
                    1127
                ],
                [
                    987,
                    1169
                ],
                [
                    845,
                    1169
                ]
            ],
            "text": "&euol",
            "confidence": 0.32017492196781683
        },
        {
            "bounding_box": [
                [
                    998,
                    1130
                ],
                [
                    1092,
                    1130
                ],
                [
                    1092,
                    1156
                ],
                [
                    998,
                    1156
                ]
            ],
            "text": "Sot",
            "confidence": 0.20409723276141536
        },
        {
            "bounding_box": [
                [
                    1113,
                    1122
                ],
                [
                    1366,
                    1122
                ],
                [
                    1366,
                    1176
                ],
                [
                    1113,
                    1176
                ]
            ],
            "text": "(onauoai then",
            "confidence": 0.0647203860309594
        },
        {
            "bounding_box": [
                [
                    421,
                    1207
                ],
                [
                    622,
                    1207
                ],
                [
                    622,
                    1252
                ],
                [
                    421,
                    1252
                ]
            ],
            "text": "4L (lled",
            "confidence": 0.061045398925478445
        },
        {
            "bounding_box": [
                [
                    638,
                    1212
                ],
                [
                    827,
                    1212
                ],
                [
                    827,
                    1257
                ],
                [
                    638,
                    1257
                ]
            ],
            "text": "CqvVakeux",
            "confidence": 0.048930453118156365
        },
        {
            "bounding_box": [
                [
                    92,
                    1367
                ],
                [
                    318,
                    1367
                ],
                [
                    318,
                    1423
                ],
                [
                    92,
                    1423
                ]
            ],
            "text": "Sentr fcl",
            "confidence": 0.55462322337755
        },
        {
            "bounding_box": [
                [
                    358,
                    1372
                ],
                [
                    480,
                    1372
                ],
                [
                    480,
                    1426
                ],
                [
                    358,
                    1426
                ]
            ],
            "text": "fro",
            "confidence": 0.11396858772546158
        },
        {
            "bounding_box": [
                [
                    502,
                    1387
                ],
                [
                    774,
                    1387
                ],
                [
                    774,
                    1444
                ],
                [
                    502,
                    1444
                ]
            ],
            "text": "3 &ramtar",
            "confidence": 0.271827651550141
        },
        {
            "bounding_box": [
                [
                    150,
                    1469
                ],
                [
                    425,
                    1469
                ],
                [
                    425,
                    1562
                ],
                [
                    150,
                    1562
                ]
            ],
            "text": "4 $ #",
            "confidence": 0.4679799913198023
        },
        {
            "bounding_box": [
                [
                    490,
                    1486
                ],
                [
                    649,
                    1486
                ],
                [
                    649,
                    1535
                ],
                [
                    490,
                    1535
                ]
            ],
            "text": "cshul",
            "confidence": 0.22940952780515309
        },
        {
            "bounding_box": [
                [
                    860,
                    1491
                ],
                [
                    989,
                    1491
                ],
                [
                    989,
                    1531
                ],
                [
                    860,
                    1531
                ]
            ],
            "text": "Cntccin",
            "confidence": 0.30729832859385764
        },
        {
            "bounding_box": [
                [
                    1103,
                    1489
                ],
                [
                    1331,
                    1489
                ],
                [
                    1331,
                    1527
                ],
                [
                    1103,
                    1527
                ]
            ],
            "text": "non tUmminal",
            "confidence": 0.25427178369048936
        },
        {
            "bounding_box": [
                [
                    495,
                    1603
                ],
                [
                    591,
                    1603
                ],
                [
                    591,
                    1643
                ],
                [
                    495,
                    1643
                ]
            ],
            "text": "ond",
            "confidence": 0.36870478528133527
        },
        {
            "bounding_box": [
                [
                    631,
                    1601
                ],
                [
                    719,
                    1601
                ],
                [
                    719,
                    1641
                ],
                [
                    631,
                    1641
                ]
            ],
            "text": "S 3",
            "confidence": 0.1449538862894589
        },
        {
            "bounding_box": [
                [
                    737,
                    1605
                ],
                [
                    815,
                    1605
                ],
                [
                    815,
                    1645
                ],
                [
                    737,
                    1645
                ]
            ],
            "text": "tk",
            "confidence": 0.22724430879624058
        },
        {
            "bounding_box": [
                [
                    832,
                    1604
                ],
                [
                    939,
                    1604
                ],
                [
                    939,
                    1643
                ],
                [
                    832,
                    1643
                ]
            ],
            "text": "Ston+",
            "confidence": 0.5249495295365373
        },
        {
            "bounding_box": [
                [
                    961,
                    1599
                ],
                [
                    1114,
                    1599
                ],
                [
                    1114,
                    1654
                ],
                [
                    961,
                    1654
                ]
            ],
            "text": "Sarabdi",
            "confidence": 0.22393048129451307
        },
        {
            "bounding_box": [
                [
                    163,
                    1773
                ],
                [
                    269,
                    1773
                ],
                [
                    269,
                    1815
                ],
                [
                    163,
                    1815
                ]
            ],
            "text": "tn",
            "confidence": 0.1057477103358043
        },
        {
            "bounding_box": [
                [
                    308,
                    1778
                ],
                [
                    348,
                    1778
                ],
                [
                    348,
                    1810
                ],
                [
                    308,
                    1810
                ]
            ],
            "text": "0",
            "confidence": 0.03558658942994786
        },
        {
            "bounding_box": [
                [
                    378,
                    1760
                ],
                [
                    563,
                    1760
                ],
                [
                    563,
                    1814
                ],
                [
                    378,
                    1814
                ]
            ],
            "text": "iCo4led",
            "confidence": 0.5333990726468019
        },
        {
            "bounding_box": [
                [
                    594,
                    1759
                ],
                [
                    816,
                    1759
                ],
                [
                    816,
                    1809
                ],
                [
                    594,
                    1809
                ]
            ],
            "text": "Aenntial",
            "confidence": 0.3747605020236434
        },
        {
            "bounding_box": [
                [
                    834,
                    1762
                ],
                [
                    942,
                    1762
                ],
                [
                    942,
                    1812
                ],
                [
                    834,
                    1812
                ]
            ],
            "text": "bomr ",
            "confidence": 0.19317302867142067
        },
        {
            "bounding_box": [
                [
                    1028,
                    1758
                ],
                [
                    1228,
                    1758
                ],
                [
                    1228,
                    1806
                ],
                [
                    1028,
                    1806
                ]
            ],
            "text": "8 rorcmor",
            "confidence": 0.26306742296910657
        },
        {
            "bounding_box": [
                [
                    1249,
                    1745
                ],
                [
                    1289,
                    1745
                ],
                [
                    1289,
                    1783
                ],
                [
                    1249,
                    1783
                ]
            ],
            "text": "6",
            "confidence": 0.7141255822791805
        },
        {
            "bounding_box": [
                [
                    200,
                    1949
                ],
                [
                    308,
                    1949
                ],
                [
                    308,
                    1990
                ],
                [
                    200,
                    1990
                ]
            ],
            "text": "Tnost",
            "confidence": 0.16597830955678244
        },
        {
            "bounding_box": [
                [
                    325,
                    1947
                ],
                [
                    523,
                    1947
                ],
                [
                    523,
                    1987
                ],
                [
                    325,
                    1987
                ]
            ],
            "text": "deszvation",
            "confidence": 0.4162266967862486
        },
        {
            "bounding_box": [
                [
                    544,
                    1946
                ],
                [
                    662,
                    1946
                ],
                [
                    662,
                    1994
                ],
                [
                    544,
                    1994
                ]
            ],
            "text": "(Lod)",
            "confidence": 0.12317242813547696
        },
        {
            "bounding_box": [
                [
                    126,
                    2028
                ],
                [
                    446,
                    2028
                ],
                [
                    446,
                    2080
                ],
                [
                    126,
                    2080
                ]
            ],
            "text": "Tv_ &rivatior",
            "confidence": 0.46366784879239825
        },
        {
            "bounding_box": [
                [
                    469,
                    2033
                ],
                [
                    517,
                    2033
                ],
                [
                    517,
                    2073
                ],
                [
                    469,
                    2073
                ]
            ],
            "text": "ir",
            "confidence": 0.7063306620053663
        },
        {
            "bounding_box": [
                [
                    537,
                    2039
                ],
                [
                    667,
                    2039
                ],
                [
                    667,
                    2075
                ],
                [
                    537,
                    2075
                ]
            ],
            "text": "unch",
            "confidence": 0.1362534761428833
        },
        {
            "bounding_box": [
                [
                    794,
                    2036
                ],
                [
                    1033,
                    2036
                ],
                [
                    1033,
                    2086
                ],
                [
                    794,
                    2086
                ]
            ],
            "text": "+a] Wft mojt",
            "confidence": 0.1250413681117815
        },
        {
            "bounding_box": [
                [
                    1052,
                    2031
                ],
                [
                    1301,
                    2031
                ],
                [
                    1301,
                    2073
                ],
                [
                    1052,
                    2073
                ]
            ],
            "text": "no tmns nal",
            "confidence": 0.1212353706097416
        },
        {
            "bounding_box": [
                [
                    1316,
                    2030
                ],
                [
                    1362,
                    2030
                ],
                [
                    1362,
                    2056
                ],
                [
                    1316,
                    2056
                ]
            ],
            "text": "6c",
            "confidence": 0.05021942119671058
        },
        {
            "bounding_box": [
                [
                    1383,
                    2033
                ],
                [
                    1429,
                    2033
                ],
                [
                    1429,
                    2051
                ],
                [
                    1383,
                    2051
                ]
            ],
            "text": "Cl",
            "confidence": 0.10348107944215668
        },
        {
            "bounding_box": [
                [
                    109,
                    2122
                ],
                [
                    410,
                    2122
                ],
                [
                    410,
                    2170
                ],
                [
                    109,
                    2170
                ]
            ],
            "text": "Senttm #cl fm",
            "confidence": 0.27062247689691904
        },
        {
            "bounding_box": [
                [
                    428,
                    2134
                ],
                [
                    458,
                    2134
                ],
                [
                    458,
                    2166
                ],
                [
                    428,
                    2166
                ]
            ],
            "text": "M",
            "confidence": 0.07636928489171968
        },
        {
            "bounding_box": [
                [
                    471,
                    2129
                ],
                [
                    645,
                    2129
                ],
                [
                    645,
                    2182
                ],
                [
                    471,
                    2182
                ]
            ],
            "text": "TrPiacd",
            "confidence": 0.3278691842917203
        },
        {
            "bounding_box": [
                [
                    669,
                    2131
                ],
                [
                    823,
                    2131
                ],
                [
                    823,
                    2170
                ],
                [
                    669,
                    2170
                ]
            ],
            "text": "04 eecr",
            "confidence": 0.11192613689992878
        },
        {
            "bounding_box": [
                [
                    887,
                    706
                ],
                [
                    1048,
                    730
                ],
                [
                    1037,
                    781
                ],
                [
                    877,
                    757
                ]
            ],
            "text": "iandv3",
            "confidence": 0.20109568873073774
        },
        {
            "bounding_box": [
                [
                    121,
                    935
                ],
                [
                    253,
                    953
                ],
                [
                    244,
                    1002
                ],
                [
                    112,
                    985
                ]
            ],
            "text": "6+n8",
            "confidence": 0.18030023574829102
        },
        {
            "bounding_box": [
                [
                    1376,
                    1129
                ],
                [
                    1456,
                    1141
                ],
                [
                    1449,
                    1179
                ],
                [
                    1369,
                    1167
                ]
            ],
            "text": "+J",
            "confidence": 0.8890729280233889
        },
        {
            "bounding_box": [
                [
                    1002,
                    1488
                ],
                [
                    1082,
                    1501
                ],
                [
                    1073,
                    1546
                ],
                [
                    993,
                    1533
                ]
            ],
            "text": "onj",
            "confidence": 0.7686531881463252
        },
        {
            "bounding_box": [
                [
                    763,
                    1487
                ],
                [
                    855,
                    1506
                ],
                [
                    844,
                    1550
                ],
                [
                    752,
                    1531
                ]
            ],
            "text": "mad",
            "confidence": 0.3425934946844803
        },
        {
            "bounding_box": [
                [
                    94,
                    1932
                ],
                [
                    201,
                    1946
                ],
                [
                    191,
                    2008
                ],
                [
                    84,
                    1994
                ]
            ],
            "text": "L)+",
            "confidence": 0.256255158985193
        },
        {
            "bounding_box": [
                [
                    699,
                    2028
                ],
                [
                    788,
                    2051
                ],
                [
                    776,
                    2091
                ],
                [
                    687,
                    2068
                ]
            ],
            "text": "onld",
            "confidence": 0.517153799533844
        },
        {
            "bounding_box": [
                [
                    843,
                    2126
                ],
                [
                    930,
                    2142
                ],
                [
                    921,
                    2180
                ],
                [
                    835,
                    2164
                ]
            ],
            "text": "S+p",
            "confidence": 0.06876171853145535
        }
    ]
}