{
    "image_filename": "CD-08.jpg",
    "image_path": "/content/images/CD-08.jpg",
    "detections": [
        {
            "bounding_box": [
                [
                    29,
                    43
                ],
                [
                    281,
                    43
                ],
                [
                    281,
                    119
                ],
                [
                    29,
                    119
                ]
            ],
            "text": "Avloriedvt",
            "confidence": 0.0942776720699589
        },
        {
            "bounding_box": [
                [
                    692,
                    47
                ],
                [
                    868,
                    47
                ],
                [
                    868,
                    143
                ],
                [
                    692,
                    143
                ]
            ],
            "text": "141",
            "confidence": 0.16695276692958974
        },
        {
            "bounding_box": [
                [
                    872,
                    58
                ],
                [
                    904,
                    58
                ],
                [
                    904,
                    94
                ],
                [
                    872,
                    94
                ]
            ],
            "text": "3",
            "confidence": 0.700742745328288
        },
        {
            "bounding_box": [
                [
                    1083,
                    149
                ],
                [
                    1121,
                    149
                ],
                [
                    1121,
                    189
                ],
                [
                    1083,
                    189
                ]
            ],
            "text": "E",
            "confidence": 0.40266312686103234
        },
        {
            "bounding_box": [
                [
                    78,
                    222
                ],
                [
                    160,
                    222
                ],
                [
                    160,
                    276
                ],
                [
                    78,
                    276
                ]
            ],
            "text": "Llt",
            "confidence": 0.3672651513452468
        },
        {
            "bounding_box": [
                [
                    426,
                    286
                ],
                [
                    450,
                    286
                ],
                [
                    450,
                    312
                ],
                [
                    426,
                    312
                ]
            ],
            "text": "2",
            "confidence": 0.975211837785853
        },
        {
            "bounding_box": [
                [
                    39,
                    299
                ],
                [
                    183,
                    299
                ],
                [
                    183,
                    335
                ],
                [
                    39,
                    335
                ]
            ],
            "text": "+7*,1",
            "confidence": 0.10700553481315077
        },
        {
            "bounding_box": [
                [
                    155,
                    531
                ],
                [
                    381,
                    531
                ],
                [
                    381,
                    573
                ],
                [
                    155,
                    573
                ]
            ],
            "text": "a~ b ~ (",
            "confidence": 0.22120588064183333
        },
        {
            "bounding_box": [
                [
                    915,
                    531
                ],
                [
                    1085,
                    531
                ],
                [
                    1085,
                    573
                ],
                [
                    915,
                    573
                ]
            ],
            "text": "suttev 0",
            "confidence": 0.20858541416159943
        },
        {
            "bounding_box": [
                [
                    1085,
                    524
                ],
                [
                    1187,
                    524
                ],
                [
                    1187,
                    581
                ],
                [
                    1085,
                    581
                ]
            ],
            "text": "Rahr",
            "confidence": 0.26627063751220703
        },
        {
            "bounding_box": [
                [
                    1207,
                    529
                ],
                [
                    1303,
                    529
                ],
                [
                    1303,
                    567
                ],
                [
                    1207,
                    567
                ]
            ],
            "text": "Utkev",
            "confidence": 0.12734902393328282
        },
        {
            "bounding_box": [
                [
                    801,
                    601
                ],
                [
                    913,
                    601
                ],
                [
                    913,
                    639
                ],
                [
                    801,
                    639
                ]
            ],
            "text": "U#te",
            "confidence": 0.2902580499649048
        },
        {
            "bounding_box": [
                [
                    926,
                    614
                ],
                [
                    966,
                    614
                ],
                [
                    966,
                    640
                ],
                [
                    926,
                    640
                ]
            ],
            "text": "5",
            "confidence": 0.3097854179601178
        },
        {
            "bounding_box": [
                [
                    999,
                    598
                ],
                [
                    1266,
                    598
                ],
                [
                    1266,
                    650
                ],
                [
                    999,
                    650
                ]
            ],
            "text": "oIblc .. 1 2",
            "confidence": 0.2371081966816325
        },
        {
            "bounding_box": [
                [
                    820,
                    680
                ],
                [
                    945,
                    680
                ],
                [
                    945,
                    722
                ],
                [
                    820,
                    722
                ]
            ],
            "text": "0 4",
            "confidence": 0.15120835602283478
        },
        {
            "bounding_box": [
                [
                    961,
                    695
                ],
                [
                    987,
                    695
                ],
                [
                    987,
                    715
                ],
                [
                    961,
                    715
                ]
            ],
            "text": "=",
            "confidence": 0.7349141052368537
        },
        {
            "bounding_box": [
                [
                    216,
                    754
                ],
                [
                    333,
                    754
                ],
                [
                    333,
                    802
                ],
                [
                    216,
                    802
                ]
            ],
            "text": "Ltter",
            "confidence": 0.4623624031857899
        },
        {
            "bounding_box": [
                [
                    511,
                    741
                ],
                [
                    629,
                    741
                ],
                [
                    629,
                    805
                ],
                [
                    511,
                    805
                ]
            ],
            "text": "Pah*",
            "confidence": 0.5170796513557434
        },
        {
            "bounding_box": [
                [
                    212,
                    882
                ],
                [
                    264,
                    882
                ],
                [
                    264,
                    930
                ],
                [
                    212,
                    930
                ]
            ],
            "text": "6",
            "confidence": 0.0746274469975674
        },
        {
            "bounding_box": [
                [
                    693,
                    887
                ],
                [
                    818,
                    887
                ],
                [
                    818,
                    948
                ],
                [
                    693,
                    948
                ]
            ],
            "text": "Rans",
            "confidence": 0.344262957572937
        },
        {
            "bounding_box": [
                [
                    721,
                    1003
                ],
                [
                    831,
                    1003
                ],
                [
                    831,
                    1045
                ],
                [
                    721,
                    1045
                ]
            ],
            "text": "lllte",
            "confidence": 0.13971329430552962
        },
        {
            "bounding_box": [
                [
                    493,
                    1019
                ],
                [
                    529,
                    1019
                ],
                [
                    529,
                    1067
                ],
                [
                    493,
                    1067
                ]
            ],
            "text": "5",
            "confidence": 0.34763859375184225
        },
        {
            "bounding_box": [
                [
                    37,
                    1221
                ],
                [
                    303,
                    1221
                ],
                [
                    303,
                    1307
                ],
                [
                    37,
                    1307
                ]
            ],
            "text": "Pu_ udnte",
            "confidence": 0.5712648881099757
        },
        {
            "bounding_box": [
                [
                    56,
                    1385
                ],
                [
                    257,
                    1385
                ],
                [
                    257,
                    1430
                ],
                [
                    56,
                    1430
                ]
            ],
            "text": "Ulhnever",
            "confidence": 0.49343551400848745
        },
        {
            "bounding_box": [
                [
                    291,
                    1393
                ],
                [
                    377,
                    1393
                ],
                [
                    377,
                    1429
                ],
                [
                    291,
                    1429
                ]
            ],
            "text": "Cu",
            "confidence": 0.3743530598536497
        },
        {
            "bounding_box": [
                [
                    397,
                    1375
                ],
                [
                    594,
                    1375
                ],
                [
                    594,
                    1440
                ],
                [
                    397,
                    1440
                ]
            ],
            "text": "opperator",
            "confidence": 0.3445071882656326
        },
        {
            "bounding_box": [
                [
                    738,
                    1386
                ],
                [
                    776,
                    1386
                ],
                [
                    776,
                    1412
                ],
                [
                    738,
                    1412
                ]
            ],
            "text": "C",
            "confidence": 0.40730355742431357
        },
        {
            "bounding_box": [
                [
                    780,
                    1372
                ],
                [
                    930,
                    1372
                ],
                [
                    930,
                    1444
                ],
                [
                    780,
                    1444
                ]
            ],
            "text": "~biahu",
            "confidence": 0.08499513362242105
        },
        {
            "bounding_box": [
                [
                    952,
                    1376
                ],
                [
                    1170,
                    1376
                ],
                [
                    1170,
                    1426
                ],
                [
                    952,
                    1426
                ]
            ],
            "text": "preadinu",
            "confidence": 0.49109374426030544
        },
        {
            "bounding_box": [
                [
                    1197,
                    1372
                ],
                [
                    1318,
                    1372
                ],
                [
                    1318,
                    1423
                ],
                [
                    1197,
                    1423
                ]
            ],
            "text": "than",
            "confidence": 0.8260918259620667
        },
        {
            "bounding_box": [
                [
                    1337,
                    1387
                ],
                [
                    1495,
                    1387
                ],
                [
                    1495,
                    1423
                ],
                [
                    1337,
                    1423
                ]
            ],
            "text": "cotnlv",
            "confidence": 0.46945246035796506
        },
        {
            "bounding_box": [
                [
                    51,
                    1487
                ],
                [
                    244,
                    1487
                ],
                [
                    244,
                    1536
                ],
                [
                    51,
                    1536
                ]
            ],
            "text": "operoto",
            "confidence": 0.5094698664897779
        },
        {
            "bounding_box": [
                [
                    283,
                    1493
                ],
                [
                    333,
                    1493
                ],
                [
                    333,
                    1535
                ],
                [
                    283,
                    1535
                ]
            ],
            "text": "84",
            "confidence": 0.27743425564976054
        },
        {
            "bounding_box": [
                [
                    360,
                    1502
                ],
                [
                    507,
                    1502
                ],
                [
                    507,
                    1538
                ],
                [
                    360,
                    1538
                ]
            ],
            "text": "tudms",
            "confidence": 0.14532007207958647
        },
        {
            "bounding_box": [
                [
                    523,
                    1491
                ],
                [
                    642,
                    1491
                ],
                [
                    642,
                    1539
                ],
                [
                    523,
                    1539
                ]
            ],
            "text": "tnad",
            "confidence": 0.23394501209259033
        },
        {
            "bounding_box": [
                [
                    663,
                    1493
                ],
                [
                    738,
                    1493
                ],
                [
                    738,
                    1537
                ],
                [
                    663,
                    1537
                ]
            ],
            "text": "t",
            "confidence": 0.9675490864644907
        },
        {
            "bounding_box": [
                [
                    764,
                    1479
                ],
                [
                    867,
                    1479
                ],
                [
                    867,
                    1534
                ],
                [
                    764,
                    1534
                ]
            ],
            "text": "#rt",
            "confidence": 0.3549719757499887
        },
        {
            "bounding_box": [
                [
                    888,
                    1487
                ],
                [
                    1061,
                    1487
                ],
                [
                    1061,
                    1543
                ],
                [
                    888,
                    1543
                ]
            ],
            "text": "Perotter",
            "confidence": 0.42616944894995057
        },
        {
            "bounding_box": [
                [
                    1200,
                    1482
                ],
                [
                    1281,
                    1482
                ],
                [
                    1281,
                    1535
                ],
                [
                    1200,
                    1535
                ]
            ],
            "text": "&et",
            "confidence": 0.27544383377778964
        },
        {
            "bounding_box": [
                [
                    1300,
                    1475
                ],
                [
                    1536,
                    1475
                ],
                [
                    1536,
                    1529
                ],
                [
                    1300,
                    1529
                ]
            ],
            "text": "Efs tperaros",
            "confidence": 0.2748211134197628
        },
        {
            "bounding_box": [
                [
                    221,
                    1595
                ],
                [
                    306,
                    1595
                ],
                [
                    306,
                    1640
                ],
                [
                    221,
                    1640
                ]
            ],
            "text": "twe",
            "confidence": 0.2708322029641936
        },
        {
            "bounding_box": [
                [
                    329,
                    1596
                ],
                [
                    501,
                    1596
                ],
                [
                    501,
                    1649
                ],
                [
                    329,
                    1649
                ]
            ],
            "text": "Oper atr",
            "confidence": 0.41302744426295956
        },
        {
            "bounding_box": [
                [
                    527,
                    1599
                ],
                [
                    633,
                    1599
                ],
                [
                    633,
                    1635
                ],
                [
                    527,
                    1635
                ]
            ],
            "text": "Ositn",
            "confidence": 0.33157126419395094
        },
        {
            "bounding_box": [
                [
                    655,
                    1597
                ],
                [
                    771,
                    1597
                ],
                [
                    771,
                    1633
                ],
                [
                    655,
                    1633
                ]
            ],
            "text": "lower",
            "confidence": 0.9089415442434022
        },
        {
            "bounding_box": [
                [
                    794,
                    1596
                ],
                [
                    1026,
                    1596
                ],
                [
                    1026,
                    1649
                ],
                [
                    794,
                    1649
                ]
            ],
            "text": "pre udlnu.",
            "confidence": 0.40822882786765924
        },
        {
            "bounding_box": [
                [
                    273,
                    1708
                ],
                [
                    448,
                    1708
                ],
                [
                    448,
                    1768
                ],
                [
                    273,
                    1768
                ]
            ],
            "text": "< * |",
            "confidence": 0.7065976371209395
        },
        {
            "bounding_box": [
                [
                    812,
                    97
                ],
                [
                    903,
                    120
                ],
                [
                    885,
                    183
                ],
                [
                    794,
                    160
                ]
            ],
            "text": "L~",
            "confidence": 0.5780785001524369
        },
        {
            "bounding_box": [
                [
                    358,
                    199
                ],
                [
                    470,
                    219
                ],
                [
                    458,
                    272
                ],
                [
                    346,
                    251
                ]
            ],
            "text": "Pat",
            "confidence": 0.23007248404151653
        },
        {
            "bounding_box": [
                [
                    794,
                    513
                ],
                [
                    925,
                    533
                ],
                [
                    914,
                    588
                ],
                [
                    783,
                    568
                ]
            ],
            "text": "Ra",
            "confidence": 0.2505015410907955
        },
        {
            "bounding_box": [
                [
                    304,
                    623
                ],
                [
                    451,
                    651
                ],
                [
                    436,
                    710
                ],
                [
                    290,
                    681
                ]
            ],
            "text": "Pank",
            "confidence": 0.6566867232322693
        },
        {
            "bounding_box": [
                [
                    482,
                    882
                ],
                [
                    577,
                    895
                ],
                [
                    570,
                    933
                ],
                [
                    475,
                    920
                ]
            ],
            "text": "Lller",
            "confidence": 0.2478767040483599
        },
        {
            "bounding_box": [
                [
                    623,
                    1364
                ],
                [
                    704,
                    1380
                ],
                [
                    695,
                    1417
                ],
                [
                    615,
                    1401
                ]
            ],
            "text": "wr",
            "confidence": 0.043865416745817565
        },
        {
            "bounding_box": [
                [
                    1116,
                    1490
                ],
                [
                    1195,
                    1482
                ],
                [
                    1197,
                    1520
                ],
                [
                    1118,
                    1528
                ]
            ],
            "text": "wjii",
            "confidence": 0.5822191834449768
        },
        {
            "bounding_box": [
                [
                    70,
                    1572
                ],
                [
                    212,
                    1594
                ],
                [
                    199,
                    1659
                ],
                [
                    58,
                    1638
                ]
            ],
            "text": "bator a",
            "confidence": 0.08250758138960602
        }
    ]
}