{
    "image_filename": "CD-04.jpg",
    "image_path": "/content/images/CD-04.jpg",
    "detections": [
        {
            "bounding_box": [
                [
                    51,
                    69
                ],
                [
                    91,
                    69
                ],
                [
                    91,
                    113
                ],
                [
                    51,
                    113
                ]
            ],
            "text": "2.",
            "confidence": 0.4496023071008623
        },
        {
            "bounding_box": [
                [
                    110,
                    70
                ],
                [
                    250,
                    70
                ],
                [
                    250,
                    118
                ],
                [
                    110,
                    118
                ]
            ],
            "text": "Phrasx",
            "confidence": 0.490713560976481
        },
        {
            "bounding_box": [
                [
                    267,
                    79
                ],
                [
                    375,
                    79
                ],
                [
                    375,
                    121
                ],
                [
                    267,
                    121
                ]
            ],
            "text": "flod-",
            "confidence": 0.06514935932842573
        },
        {
            "bounding_box": [
                [
                    148,
                    178
                ],
                [
                    286,
                    178
                ],
                [
                    286,
                    232
                ],
                [
                    148,
                    232
                ]
            ],
            "text": "Pajnex",
            "confidence": 0.35140518549041205
        },
        {
            "bounding_box": [
                [
                    302,
                    188
                ],
                [
                    582,
                    188
                ],
                [
                    582,
                    240
                ],
                [
                    302,
                    240
                ]
            ],
            "text": "pec-fvrrw locs-|",
            "confidence": 0.15530517402844482
        },
        {
            "bounding_box": [
                [
                    595,
                    201
                ],
                [
                    757,
                    201
                ],
                [
                    757,
                    237
                ],
                [
                    595,
                    237
                ]
            ],
            "text": "Conccticn",
            "confidence": 0.12228747275292721
        },
        {
            "bounding_box": [
                [
                    802,
                    206
                ],
                [
                    858,
                    206
                ],
                [
                    858,
                    236
                ],
                [
                    802,
                    236
                ]
            ],
            "text": "on",
            "confidence": 0.8436522462870618
        },
        {
            "bounding_box": [
                [
                    878,
                    202
                ],
                [
                    1024,
                    202
                ],
                [
                    1024,
                    232
                ],
                [
                    878,
                    232
                ]
            ],
            "text": "Neuurcoin \"",
            "confidence": 0.0010397164578055665
        },
        {
            "bounding_box": [
                [
                    1026,
                    198
                ],
                [
                    1208,
                    198
                ],
                [
                    1208,
                    250
                ],
                [
                    1026,
                    250
                ]
            ],
            "text": "~9 irpets",
            "confidence": 0.41928999978230674
        },
        {
            "bounding_box": [
                [
                    1219,
                    197
                ],
                [
                    1380,
                    197
                ],
                [
                    1380,
                    237
                ],
                [
                    1219,
                    237
                ]
            ],
            "text": "whan the",
            "confidence": 0.1003273276610183
        },
        {
            "bounding_box": [
                [
                    161,
                    287
                ],
                [
                    258,
                    287
                ],
                [
                    258,
                    328
                ],
                [
                    161,
                    328
                ]
            ],
            "text": "emr",
            "confidence": 0.38955407863486374
        },
        {
            "bounding_box": [
                [
                    288,
                    296
                ],
                [
                    320,
                    296
                ],
                [
                    320,
                    328
                ],
                [
                    288,
                    328
                ]
            ],
            "text": "3",
            "confidence": 0.878678165274497
        },
        {
            "bounding_box": [
                [
                    340,
                    292
                ],
                [
                    525,
                    292
                ],
                [
                    525,
                    332
                ],
                [
                    340,
                    332
                ]
            ],
            "text": "disCoensd",
            "confidence": 0.39783952431467434
        },
        {
            "bounding_box": [
                [
                    146,
                    394
                ],
                [
                    196,
                    394
                ],
                [
                    196,
                    444
                ],
                [
                    146,
                    444
                ]
            ],
            "text": "Jt",
            "confidence": 0.8690226676046171
        },
        {
            "bounding_box": [
                [
                    215,
                    411
                ],
                [
                    365,
                    411
                ],
                [
                    365,
                    453
                ],
                [
                    215,
                    453
                ]
            ],
            "text": "nspiael)",
            "confidence": 0.1763510285690085
        },
        {
            "bounding_box": [
                [
                    377,
                    411
                ],
                [
                    443,
                    411
                ],
                [
                    443,
                    447
                ],
                [
                    377,
                    447
                ]
            ],
            "text": "tba",
            "confidence": 0.2313506007194519
        },
        {
            "bounding_box": [
                [
                    461,
                    406
                ],
                [
                    575,
                    406
                ],
                [
                    575,
                    457
                ],
                [
                    461,
                    457
                ]
            ],
            "text": "Pry;",
            "confidence": 0.1620788823739267
        },
        {
            "bounding_box": [
                [
                    585,
                    409
                ],
                [
                    623,
                    409
                ],
                [
                    623,
                    449
                ],
                [
                    585,
                    449
                ]
            ],
            "text": "0",
            "confidence": 0.6395729396133589
        },
        {
            "bounding_box": [
                [
                    640,
                    399
                ],
                [
                    990,
                    399
                ],
                [
                    990,
                    454
                ],
                [
                    640,
                    454
                ]
            ],
            "text": "rrrouning inpu bj",
            "confidence": 0.0612709966148794
        },
        {
            "bounding_box": [
                [
                    1018,
                    404
                ],
                [
                    1100,
                    404
                ],
                [
                    1100,
                    432
                ],
                [
                    1018,
                    432
                ]
            ],
            "text": "A6tn",
            "confidence": 0.02073289267718792
        },
        {
            "bounding_box": [
                [
                    1239,
                    401
                ],
                [
                    1484,
                    401
                ],
                [
                    1484,
                    441
                ],
                [
                    1239,
                    441
                ]
            ],
            "text": "tnod alloes +lt",
            "confidence": 0.11389678342008282
        },
        {
            "bounding_box": [
                [
                    216,
                    488
                ],
                [
                    316,
                    488
                ],
                [
                    316,
                    520
                ],
                [
                    216,
                    520
                ]
            ],
            "text": "0nser",
            "confidence": 0.16677845381865894
        },
        {
            "bounding_box": [
                [
                    348,
                    492
                ],
                [
                    388,
                    492
                ],
                [
                    388,
                    524
                ],
                [
                    348,
                    524
                ]
            ],
            "text": "+o",
            "confidence": 0.18808615011681648
        },
        {
            "bounding_box": [
                [
                    505,
                    499
                ],
                [
                    615,
                    499
                ],
                [
                    615,
                    535
                ],
                [
                    505,
                    535
                ]
            ],
            "text": "0n i+",
            "confidence": 0.09488216176024071
        },
        {
            "bounding_box": [
                [
                    626,
                    504
                ],
                [
                    796,
                    504
                ],
                [
                    796,
                    536
                ],
                [
                    626,
                    536
                ]
            ],
            "text": "enlussm",
            "confidence": 0.10349480793604372
        },
        {
            "bounding_box": [
                [
                    149,
                    609
                ],
                [
                    251,
                    609
                ],
                [
                    251,
                    651
                ],
                [
                    149,
                    651
                ]
            ],
            "text": "Camr",
            "confidence": 0.04563673213124275
        },
        {
            "bounding_box": [
                [
                    268,
                    608
                ],
                [
                    441,
                    608
                ],
                [
                    441,
                    649
                ],
                [
                    268,
                    649
                ]
            ],
            "text": "Conector",
            "confidence": 0.17679149132274188
        },
        {
            "bounding_box": [
                [
                    456,
                    616
                ],
                [
                    492,
                    616
                ],
                [
                    492,
                    646
                ],
                [
                    456,
                    646
                ]
            ],
            "text": "8",
            "confidence": 0.9448981423670979
        },
        {
            "bounding_box": [
                [
                    508,
                    609
                ],
                [
                    668,
                    609
                ],
                [
                    668,
                    661
                ],
                [
                    508,
                    661
                ]
            ],
            "text": "dlicudt",
            "confidence": 0.1725584157916114
        },
        {
            "bounding_box": [
                [
                    692,
                    618
                ],
                [
                    800,
                    618
                ],
                [
                    800,
                    650
                ],
                [
                    692,
                    650
                ]
            ],
            "text": "eshen",
            "confidence": 0.8098806173924836
        },
        {
            "bounding_box": [
                [
                    823,
                    619
                ],
                [
                    931,
                    619
                ],
                [
                    931,
                    655
                ],
                [
                    823,
                    655
                ]
            ],
            "text": "actuc ",
            "confidence": 0.41565438613889943
        },
        {
            "bounding_box": [
                [
                    942,
                    622
                ],
                [
                    1020,
                    622
                ],
                [
                    1020,
                    646
                ],
                [
                    942,
                    646
                ]
            ],
            "text": "em",
            "confidence": 0.42019489328969384
        },
        {
            "bounding_box": [
                [
                    1042,
                    622
                ],
                [
                    1152,
                    622
                ],
                [
                    1152,
                    652
                ],
                [
                    1042,
                    652
                ]
            ],
            "text": "Ouu>",
            "confidence": 0.04131273180246353
        },
        {
            "bounding_box": [
                [
                    1174,
                    608
                ],
                [
                    1471,
                    608
                ],
                [
                    1471,
                    659
                ],
                [
                    1174,
                    659
                ]
            ],
            "text": "bfue tl Point",
            "confidence": 0.10954977791527654
        },
        {
            "bounding_box": [
                [
                    225,
                    692
                ],
                [
                    397,
                    692
                ],
                [
                    397,
                    747
                ],
                [
                    225,
                    747
                ]
            ],
            "text": "Qetrstimn",
            "confidence": 0.08434559321585312
        },
        {
            "bounding_box": [
                [
                    112,
                    830
                ],
                [
                    208,
                    830
                ],
                [
                    208,
                    878
                ],
                [
                    112,
                    878
                ]
            ],
            "text": "Em",
            "confidence": 0.17643750965572305
        },
        {
            "bounding_box": [
                [
                    226,
                    842
                ],
                [
                    450,
                    842
                ],
                [
                    450,
                    890
                ],
                [
                    226,
                    890
                ]
            ],
            "text": "poducticcva",
            "confidence": 0.16438504088081285
        },
        {
            "bounding_box": [
                [
                    120,
                    970
                ],
                [
                    172,
                    970
                ],
                [
                    172,
                    1026
                ],
                [
                    120,
                    1026
                ]
            ],
            "text": "9",
            "confidence": 0.7885163916677449
        },
        {
            "bounding_box": [
                [
                    203,
                    987
                ],
                [
                    381,
                    987
                ],
                [
                    381,
                    1027
                ],
                [
                    203,
                    1027
                ]
            ],
            "text": "we Ryrw",
            "confidence": 0.5950897887185062
        },
        {
            "bounding_box": [
                [
                    407,
                    987
                ],
                [
                    482,
                    987
                ],
                [
                    482,
                    1027
                ],
                [
                    407,
                    1027
                ]
            ],
            "text": "tF",
            "confidence": 0.13417088201721816
        },
        {
            "bounding_box": [
                [
                    499,
                    992
                ],
                [
                    643,
                    992
                ],
                [
                    643,
                    1029
                ],
                [
                    499,
                    1029
                ]
            ],
            "text": "C0310 `",
            "confidence": 0.002749539017418341
        },
        {
            "bounding_box": [
                [
                    654,
                    996
                ],
                [
                    754,
                    996
                ],
                [
                    754,
                    1024
                ],
                [
                    654,
                    1024
                ]
            ],
            "text": "Ux",
            "confidence": 0.23281008192948072
        },
        {
            "bounding_box": [
                [
                    775,
                    995
                ],
                [
                    863,
                    995
                ],
                [
                    863,
                    1033
                ],
                [
                    775,
                    1033
                ]
            ],
            "text": "tncs",
            "confidence": 0.4634977109561726
        },
        {
            "bounding_box": [
                [
                    880,
                    1000
                ],
                [
                    954,
                    1000
                ],
                [
                    954,
                    1032
                ],
                [
                    880,
                    1032
                ]
            ],
            "text": "Con",
            "confidence": 0.869011659420191
        },
        {
            "bounding_box": [
                [
                    968,
                    998
                ],
                [
                    1016,
                    998
                ],
                [
                    1016,
                    1030
                ],
                [
                    968,
                    1030
                ]
            ],
            "text": "be",
            "confidence": 0.8327838479227719
        },
        {
            "bounding_box": [
                [
                    1038,
                    998
                ],
                [
                    1279,
                    998
                ],
                [
                    1279,
                    1041
                ],
                [
                    1038,
                    1041
                ]
            ],
            "text": "entocntuud,",
            "confidence": 0.32234421776349853
        },
        {
            "bounding_box": [
                [
                    1294,
                    1014
                ],
                [
                    1348,
                    1014
                ],
                [
                    1348,
                    1038
                ],
                [
                    1294,
                    1038
                ]
            ],
            "text": "we",
            "confidence": 0.4624445341174732
        },
        {
            "bounding_box": [
                [
                    1362,
                    1008
                ],
                [
                    1434,
                    1008
                ],
                [
                    1434,
                    1034
                ],
                [
                    1362,
                    1034
                ]
            ],
            "text": "can",
            "confidence": 0.3090443558328272
        },
        {
            "bounding_box": [
                [
                    143,
                    1073
                ],
                [
                    308,
                    1073
                ],
                [
                    308,
                    1122
                ],
                [
                    143,
                    1122
                ]
            ],
            "text": "aucfrrunt",
            "confidence": 0.1799488426130984
        },
        {
            "bounding_box": [
                [
                    346,
                    1078
                ],
                [
                    626,
                    1078
                ],
                [
                    626,
                    1131
                ],
                [
                    346,
                    1131
                ]
            ],
            "text": "th Frenmwa^",
            "confidence": 0.06160237455066103
        },
        {
            "bounding_box": [
                [
                    642,
                    1078
                ],
                [
                    704,
                    1078
                ],
                [
                    704,
                    1128
                ],
                [
                    642,
                    1128
                ]
            ],
            "text": "2",
            "confidence": 0.6983371668693508
        },
        {
            "bounding_box": [
                [
                    717,
                    1089
                ],
                [
                    785,
                    1089
                ],
                [
                    785,
                    1129
                ],
                [
                    717,
                    1129
                ]
            ],
            "text": "tha",
            "confidence": 0.34771057562183116
        },
        {
            "bounding_box": [
                [
                    795,
                    1088
                ],
                [
                    988,
                    1088
                ],
                [
                    988,
                    1149
                ],
                [
                    795,
                    1149
                ]
            ],
            "text": "~lanaucat",
            "confidence": 0.10700327338727599
        },
        {
            "bounding_box": [
                [
                    1008,
                    1092
                ],
                [
                    1342,
                    1092
                ],
                [
                    1342,
                    1140
                ],
                [
                    1008,
                    1140
                ]
            ],
            "text": "ctr Productior?",
            "confidence": 0.08269527332118198
        },
        {
            "bounding_box": [
                [
                    1367,
                    1091
                ],
                [
                    1449,
                    1091
                ],
                [
                    1449,
                    1127
                ],
                [
                    1367,
                    1127
                ]
            ],
            "text": "fat",
            "confidence": 0.052492183121248474
        },
        {
            "bounding_box": [
                [
                    138,
                    1164
                ],
                [
                    298,
                    1164
                ],
                [
                    298,
                    1214
                ],
                [
                    138,
                    1214
                ]
            ],
            "text": "&emuod",
            "confidence": 0.1277736720030885
        },
        {
            "bounding_box": [
                [
                    312,
                    1178
                ],
                [
                    494,
                    1178
                ],
                [
                    494,
                    1204
                ],
                [
                    312,
                    1204
                ]
            ],
            "text": "@ntrdju?",
            "confidence": 0.0484468421909126
        },
        {
            "bounding_box": [
                [
                    532,
                    1176
                ],
                [
                    731,
                    1176
                ],
                [
                    731,
                    1226
                ],
                [
                    532,
                    1226
                ]
            ],
            "text": "Costrvct",
            "confidence": 0.43745213015211865
        },
        {
            "bounding_box": [
                [
                    105,
                    1282
                ],
                [
                    189,
                    1282
                ],
                [
                    189,
                    1322
                ],
                [
                    105,
                    1322
                ]
            ],
            "text": "Wse",
            "confidence": 0.16282632903841487
        },
        {
            "bounding_box": [
                [
                    199,
                    1287
                ],
                [
                    271,
                    1287
                ],
                [
                    271,
                    1325
                ],
                [
                    199,
                    1325
                ]
            ],
            "text": "4b",
            "confidence": 0.16688499278210486
        },
        {
            "bounding_box": [
                [
                    294,
                    1300
                ],
                [
                    372,
                    1300
                ],
                [
                    372,
                    1324
                ],
                [
                    294,
                    1324
                ]
            ],
            "text": "V)",
            "confidence": 0.11955129997741337
        },
        {
            "bounding_box": [
                [
                    399,
                    1303
                ],
                [
                    581,
                    1303
                ],
                [
                    581,
                    1343
                ],
                [
                    399,
                    1343
                ]
            ],
            "text": "fvamwron",
            "confidence": 0.13073251754022594
        },
        {
            "bounding_box": [
                [
                    615,
                    1295
                ],
                [
                    713,
                    1295
                ],
                [
                    713,
                    1333
                ],
                [
                    615,
                    1333
                ]
            ],
            "text": "bitn",
            "confidence": 0.6107938289642334
        },
        {
            "bounding_box": [
                [
                    723,
                    1290
                ],
                [
                    1101,
                    1290
                ],
                [
                    1101,
                    1346
                ],
                [
                    723,
                    1346
                ]
            ],
            "text": "avgmentad  Product \"",
            "confidence": 0.098433255401624
        },
        {
            "bounding_box": [
                [
                    1096,
                    1304
                ],
                [
                    1158,
                    1304
                ],
                [
                    1158,
                    1330
                ],
                [
                    1096,
                    1330
                ]
            ],
            "text": "c >",
            "confidence": 0.1847722979443349
        },
        {
            "bounding_box": [
                [
                    1176,
                    1300
                ],
                [
                    1214,
                    1300
                ],
                [
                    1214,
                    1326
                ],
                [
                    1176,
                    1326
                ]
            ],
            "text": "in",
            "confidence": 0.13324125138249962
        },
        {
            "bounding_box": [
                [
                    1297,
                    1297
                ],
                [
                    1461,
                    1297
                ],
                [
                    1461,
                    1339
                ],
                [
                    1297,
                    1339
                ]
            ],
            "text": "Procv &",
            "confidence": 0.24526973240389044
        },
        {
            "bounding_box": [
                [
                    129,
                    1362
                ],
                [
                    290,
                    1362
                ],
                [
                    290,
                    1426
                ],
                [
                    129,
                    1426
                ]
            ],
            "text": "ponsira:",
            "confidence": 0.30083952770531985
        },
        {
            "bounding_box": [
                [
                    191,
                    1485
                ],
                [
                    278,
                    1485
                ],
                [
                    278,
                    1526
                ],
                [
                    191,
                    1526
                ]
            ],
            "text": "Cox",
            "confidence": 0.697141472224329
        },
        {
            "bounding_box": [
                [
                    298,
                    1489
                ],
                [
                    674,
                    1489
                ],
                [
                    674,
                    1544
                ],
                [
                    298,
                    1544
                ]
            ],
            "text": "an er prducto",
            "confidence": 0.4058153325675095
        },
        {
            "bounding_box": [
                [
                    684,
                    1500
                ],
                [
                    716,
                    1500
                ],
                [
                    716,
                    1534
                ],
                [
                    684,
                    1534
                ]
            ],
            "text": "0",
            "confidence": 0.2045434634015928
        },
        {
            "bounding_box": [
                [
                    728,
                    1510
                ],
                [
                    832,
                    1510
                ],
                [
                    832,
                    1542
                ],
                [
                    728,
                    1542
                ]
            ],
            "text": "Wses",
            "confidence": 0.24888314306735992
        },
        {
            "bounding_box": [
                [
                    834,
                    1504
                ],
                [
                    1026,
                    1504
                ],
                [
                    1026,
                    1558
                ],
                [
                    834,
                    1558
                ]
            ],
            "text": "by Aensea",
            "confidence": 0.1733240655405664
        },
        {
            "bounding_box": [
                [
                    1056,
                    1485
                ],
                [
                    1443,
                    1485
                ],
                [
                    1443,
                    1551
                ],
                [
                    1056,
                    1551
                ]
            ],
            "text": "Jensal  opprokriat",
            "confidence": 0.12227878677023092
        },
        {
            "bounding_box": [
                [
                    361,
                    1585
                ],
                [
                    569,
                    1585
                ],
                [
                    569,
                    1621
                ],
                [
                    361,
                    1621
                ]
            ],
            "text": "+ iuicM",
            "confidence": 0.05592685443473132
        },
        {
            "bounding_box": [
                [
                    578,
                    1590
                ],
                [
                    654,
                    1590
                ],
                [
                    654,
                    1622
                ],
                [
                    578,
                    1622
                ]
            ],
            "text": "m",
            "confidence": 0.22814640659982732
        },
        {
            "bounding_box": [
                [
                    662,
                    1596
                ],
                [
                    758,
                    1596
                ],
                [
                    758,
                    1620
                ],
                [
                    662,
                    1620
                ]
            ],
            "text": "eni",
            "confidence": 0.16267333924770355
        },
        {
            "bounding_box": [
                [
                    784,
                    1594
                ],
                [
                    826,
                    1594
                ],
                [
                    826,
                    1624
                ],
                [
                    784,
                    1624
                ]
            ],
            "text": "0r",
            "confidence": 0.08960899928013197
        },
        {
            "bounding_box": [
                [
                    837,
                    1596
                ],
                [
                    928,
                    1596
                ],
                [
                    928,
                    1627
                ],
                [
                    837,
                    1627
                ]
            ],
            "text": "ent",
            "confidence": 0.1589052203374997
        },
        {
            "bounding_box": [
                [
                    952,
                    1595
                ],
                [
                    1157,
                    1595
                ],
                [
                    1157,
                    1637
                ],
                [
                    952,
                    1637
                ]
            ],
            "text": "Cowtwchs-",
            "confidence": 0.32997469247280287
        },
        {
            "bounding_box": [
                [
                    124,
                    1722
                ],
                [
                    284,
                    1722
                ],
                [
                    284,
                    1770
                ],
                [
                    124,
                    1770
                ]
            ],
            "text": "6 leba",
            "confidence": 0.21016107568979972
        },
        {
            "bounding_box": [
                [
                    311,
                    1725
                ],
                [
                    540,
                    1725
                ],
                [
                    540,
                    1776
                ],
                [
                    311,
                    1776
                ]
            ],
            "text": "Corectian",
            "confidence": 0.3389127248557537
        },
        {
            "bounding_box": [
                [
                    117,
                    1855
                ],
                [
                    195,
                    1855
                ],
                [
                    195,
                    1891
                ],
                [
                    117,
                    1891
                ]
            ],
            "text": "T",
            "confidence": 0.9455974821567601
        },
        {
            "bounding_box": [
                [
                    219,
                    1855
                ],
                [
                    353,
                    1855
                ],
                [
                    353,
                    1897
                ],
                [
                    219,
                    1897
                ]
            ],
            "text": "air &",
            "confidence": 0.278705802342772
        },
        {
            "bounding_box": [
                [
                    379,
                    1857
                ],
                [
                    541,
                    1857
                ],
                [
                    541,
                    1901
                ],
                [
                    379,
                    1901
                ]
            ],
            "text": "to role",
            "confidence": 0.1985107687367618
        },
        {
            "bounding_box": [
                [
                    560,
                    1868
                ],
                [
                    615,
                    1868
                ],
                [
                    615,
                    1899
                ],
                [
                    560,
                    1899
                ]
            ],
            "text": "0>",
            "confidence": 0.1346053444243787
        },
        {
            "bounding_box": [
                [
                    622,
                    1856
                ],
                [
                    717,
                    1856
                ],
                [
                    717,
                    1907
                ],
                [
                    622,
                    1907
                ]
            ],
            "text": "Reuss",
            "confidence": 0.16808821861788883
        },
        {
            "bounding_box": [
                [
                    888,
                    1876
                ],
                [
                    936,
                    1876
                ],
                [
                    936,
                    1906
                ],
                [
                    888,
                    1906
                ]
            ],
            "text": "03",
            "confidence": 0.5298638872002449
        },
        {
            "bounding_box": [
                [
                    938,
                    1866
                ],
                [
                    1095,
                    1866
                ],
                [
                    1095,
                    1919
                ],
                [
                    938,
                    1919
                ]
            ],
            "text": "Possibic",
            "confidence": 0.7986461812659463
        },
        {
            "bounding_box": [
                [
                    1122,
                    1872
                ],
                [
                    1216,
                    1872
                ],
                [
                    1216,
                    1904
                ],
                [
                    1122,
                    1904
                ]
            ],
            "text": "Ohtl",
            "confidence": 0.07828552275896072
        },
        {
            "bounding_box": [
                [
                    1392,
                    1870
                ],
                [
                    1454,
                    1870
                ],
                [
                    1454,
                    1896
                ],
                [
                    1392,
                    1896
                ]
            ],
            "text": "cn",
            "confidence": 0.47995382688582505
        },
        {
            "bounding_box": [
                [
                    720,
                    1870
                ],
                [
                    867,
                    1870
                ],
                [
                    867,
                    1927
                ],
                [
                    720,
                    1927
                ]
            ],
            "text": "chanes",
            "confidence": 0.4547074421671537
        },
        {
            "bounding_box": [
                [
                    128,
                    1940
                ],
                [
                    621,
                    1940
                ],
                [
                    621,
                    2008
                ],
                [
                    128,
                    2008
                ]
            ],
            "text": "incomrect) i~pur 6tr*8 +",
            "confidence": 0.06734216215627964
        },
        {
            "bounding_box": [
                [
                    633,
                    1951
                ],
                [
                    779,
                    1951
                ],
                [
                    779,
                    1989
                ],
                [
                    633,
                    1989
                ]
            ],
            "text": "a~ald",
            "confidence": 0.34785896908028724
        },
        {
            "bounding_box": [
                [
                    109,
                    2045
                ],
                [
                    221,
                    2045
                ],
                [
                    221,
                    2083
                ],
                [
                    109,
                    2083
                ]
            ],
            "text": "Giver",
            "confidence": 0.453146348267779
        },
        {
            "bounding_box": [
                [
                    248,
                    2056
                ],
                [
                    314,
                    2056
                ],
                [
                    314,
                    2084
                ],
                [
                    248,
                    2084
                ]
            ],
            "text": "Ou",
            "confidence": 0.18648885548045954
        },
        {
            "bounding_box": [
                [
                    335,
                    2051
                ],
                [
                    505,
                    2051
                ],
                [
                    505,
                    2089
                ],
                [
                    335,
                    2089
                ]
            ],
            "text": "incocs",
            "confidence": 0.11259542622247558
        },
        {
            "bounding_box": [
                [
                    508,
                    2050
                ],
                [
                    613,
                    2050
                ],
                [
                    613,
                    2107
                ],
                [
                    508,
                    2107
                ]
            ],
            "text": "ixped",
            "confidence": 0.25683299066802445
        },
        {
            "bounding_box": [
                [
                    709,
                    2051
                ],
                [
                    805,
                    2051
                ],
                [
                    805,
                    2113
                ],
                [
                    709,
                    2113
                ]
            ],
            "text": "Jnd",
            "confidence": 0.36597966119688274
        },
        {
            "bounding_box": [
                [
                    856,
                    2062
                ],
                [
                    1048,
                    2062
                ],
                [
                    1048,
                    2112
                ],
                [
                    856,
                    2112
                ]
            ],
            "text": "poxse +u",
            "confidence": 0.4502417146883316
        },
        {
            "bounding_box": [
                [
                    1066,
                    2052
                ],
                [
                    1120,
                    2052
                ],
                [
                    1120,
                    2102
                ],
                [
                    1066,
                    2102
                ]
            ],
            "text": "6",
            "confidence": 0.2989248833630178
        },
        {
            "bounding_box": [
                [
                    1181,
                    2071
                ],
                [
                    1317,
                    2071
                ],
                [
                    1317,
                    2109
                ],
                [
                    1181,
                    2109
                ]
            ],
            "text": "nebotud",
            "confidence": 0.2201118999453987
        },
        {
            "bounding_box": [
                [
                    1323,
                    2070
                ],
                [
                    1466,
                    2070
                ],
                [
                    1466,
                    2127
                ],
                [
                    1323,
                    2127
                ]
            ],
            "text": "btrivd ^",
            "confidence": 0.28642889123503507
        },
        {
            "bounding_box": [
                [
                    150,
                    2136
                ],
                [
                    200,
                    2136
                ],
                [
                    200,
                    2166
                ],
                [
                    150,
                    2166
                ]
            ],
            "text": "W",
            "confidence": 0.12116689220025378
        },
        {
            "bounding_box": [
                [
                    280,
                    2135
                ],
                [
                    471,
                    2135
                ],
                [
                    471,
                    2182
                ],
                [
                    280,
                    2182
                ]
            ],
            "text": "fh &inn",
            "confidence": 0.21695956182421097
        },
        {
            "bounding_box": [
                [
                    485,
                    2137
                ],
                [
                    655,
                    2137
                ],
                [
                    655,
                    2179
                ],
                [
                    485,
                    2179
                ]
            ],
            "text": "Gramtbn",
            "confidence": 0.023600930156579734
        },
        {
            "bounding_box": [
                [
                    687,
                    2137
                ],
                [
                    745,
                    2137
                ],
                [
                    745,
                    2175
                ],
                [
                    687,
                    2175
                ]
            ],
            "text": "S+",
            "confidence": 0.16443526917978354
        },
        {
            "bounding_box": [
                [
                    774,
                    2146
                ],
                [
                    840,
                    2146
                ],
                [
                    840,
                    2178
                ],
                [
                    774,
                    2178
                ]
            ],
            "text": "tre",
            "confidence": 0.10985564621079046
        },
        {
            "bounding_box": [
                [
                    864,
                    2142
                ],
                [
                    914,
                    2142
                ],
                [
                    914,
                    2172
                ],
                [
                    864,
                    2172
                ]
            ],
            "text": "",
            "confidence": 0.0
        },
        {
            "bounding_box": [
                [
                    980,
                    2137
                ],
                [
                    1139,
                    2137
                ],
                [
                    1139,
                    2182
                ],
                [
                    980,
                    2182
                ]
            ],
            "text": "chanars",
            "confidence": 0.3783247978917602
        },
        {
            "bounding_box": [
                [
                    1158,
                    2140
                ],
                [
                    1377,
                    2140
                ],
                [
                    1377,
                    2182
                ],
                [
                    1158,
                    2182
                ]
            ],
            "text": "ruatild +",
            "confidence": 0.09571688009295426
        },
        {
            "bounding_box": [
                [
                    1116,
                    390
                ],
                [
                    1227,
                    405
                ],
                [
                    1219,
                    449
                ],
                [
                    1107,
                    434
                ]
            ],
            "text": "staa",
            "confidence": 0.03328188136219978
        },
        {
            "bounding_box": [
                [
                    406,
                    486
                ],
                [
                    501,
                    509
                ],
                [
                    489,
                    550
                ],
                [
                    395,
                    527
                ]
            ],
            "text": "Cmnd",
            "confidence": 0.023720931261777878
        },
        {
            "bounding_box": [
                [
                    1223,
                    1292
                ],
                [
                    1291,
                    1303
                ],
                [
                    1285,
                    1333
                ],
                [
                    1218,
                    1322
                ]
            ],
            "text": "+",
            "confidence": 0.22044069322294835
        },
        {
            "bounding_box": [
                [
                    134,
                    1558
                ],
                [
                    350,
                    1587
                ],
                [
                    338,
                    1646
                ],
                [
                    122,
                    1616
                ]
            ],
            "text": "dio-Tonusto",
            "confidence": 0.1499965664847256
        },
        {
            "bounding_box": [
                [
                    1228,
                    1849
                ],
                [
                    1387,
                    1873
                ],
                [
                    1378,
                    1918
                ],
                [
                    1219,
                    1895
                ]
            ],
            "text": "cmycttd",
            "confidence": 0.029821422034879756
        },
        {
            "bounding_box": [
                [
                    783,
                    1942
                ],
                [
                    926,
                    1963
                ],
                [
                    917,
                    2012
                ],
                [
                    774,
                    1991
                ]
            ],
            "text": "XnQ-",
            "confidence": 0.05848658084869385
        },
        {
            "bounding_box": [
                [
                    201,
                    2124
                ],
                [
                    275,
                    2140
                ],
                [
                    265,
                    2179
                ],
                [
                    191,
                    2163
                ]
            ],
            "text": "~nq",
            "confidence": 0.4223344636385915
        }
    ]
}