{
    "image_filename": "CD-07.jpg",
    "image_path": "/content/images/CD-07.jpg",
    "detections": [
        {
            "bounding_box": [
                [
                    215,
                    35
                ],
                [
                    397,
                    35
                ],
                [
                    397,
                    75
                ],
                [
                    215,
                    75
                ]
            ],
            "text": "A _*4z",
            "confidence": 0.3868747703728231
        },
        {
            "bounding_box": [
                [
                    550,
                    48
                ],
                [
                    618,
                    48
                ],
                [
                    618,
                    80
                ],
                [
                    550,
                    80
                ]
            ],
            "text": "L1d",
            "confidence": 0.2103075348393966
        },
        {
            "bounding_box": [
                [
                    737,
                    45
                ],
                [
                    771,
                    45
                ],
                [
                    771,
                    65
                ],
                [
                    737,
                    65
                ]
            ],
            "text": "3",
            "confidence": 0.2756779243123333
        },
        {
            "bounding_box": [
                [
                    789,
                    39
                ],
                [
                    862,
                    39
                ],
                [
                    862,
                    69
                ],
                [
                    789,
                    69
                ]
            ],
            "text": "{42",
            "confidence": 0.8766900888939644
        },
        {
            "bounding_box": [
                [
                    946,
                    40
                ],
                [
                    1030,
                    40
                ],
                [
                    1030,
                    72
                ],
                [
                    946,
                    72
                ]
            ],
            "text": "07z",
            "confidence": 0.1811707139177569
        },
        {
            "bounding_box": [
                [
                    1043,
                    36
                ],
                [
                    1160,
                    36
                ],
                [
                    1160,
                    67
                ],
                [
                    1043,
                    67
                ]
            ],
            "text": "G0k 2",
            "confidence": 0.17148068689248844
        },
        {
            "bounding_box": [
                [
                    1177,
                    43
                ],
                [
                    1209,
                    43
                ],
                [
                    1209,
                    59
                ],
                [
                    1177,
                    59
                ]
            ],
            "text": "~r",
            "confidence": 0.007831278937989034
        },
        {
            "bounding_box": [
                [
                    1232,
                    38
                ],
                [
                    1316,
                    38
                ],
                [
                    1316,
                    62
                ],
                [
                    1232,
                    62
                ]
            ],
            "text": "abo",
            "confidence": 0.39655960946769997
        },
        {
            "bounding_box": [
                [
                    736,
                    76
                ],
                [
                    782,
                    76
                ],
                [
                    782,
                    102
                ],
                [
                    736,
                    102
                ]
            ],
            "text": "Ln",
            "confidence": 0.08819342765695308
        },
        {
            "bounding_box": [
                [
                    890,
                    74
                ],
                [
                    934,
                    74
                ],
                [
                    934,
                    100
                ],
                [
                    890,
                    100
                ]
            ],
            "text": "Ll",
            "confidence": 0.11856988383840841
        },
        {
            "bounding_box": [
                [
                    1040,
                    72
                ],
                [
                    1088,
                    72
                ],
                [
                    1088,
                    100
                ],
                [
                    1040,
                    100
                ]
            ],
            "text": "Lr",
            "confidence": 0.46595747572534396
        },
        {
            "bounding_box": [
                [
                    1180,
                    70
                ],
                [
                    1226,
                    70
                ],
                [
                    1226,
                    98
                ],
                [
                    1180,
                    98
                ]
            ],
            "text": "Lr",
            "confidence": 0.2110671182601206
        },
        {
            "bounding_box": [
                [
                    207,
                    97
                ],
                [
                    249,
                    97
                ],
                [
                    249,
                    133
                ],
                [
                    207,
                    133
                ]
            ],
            "text": "X",
            "confidence": 0.940304986496475
        },
        {
            "bounding_box": [
                [
                    215,
                    155
                ],
                [
                    321,
                    155
                ],
                [
                    321,
                    193
                ],
                [
                    215,
                    193
                ]
            ],
            "text": "Y-b",
            "confidence": 0.5699195307666238
        },
        {
            "bounding_box": [
                [
                    214,
                    207
                ],
                [
                    339,
                    207
                ],
                [
                    339,
                    248
                ],
                [
                    214,
                    248
                ]
            ],
            "text": "2 - C",
            "confidence": 0.34352701186304396
        },
        {
            "bounding_box": [
                [
                    212,
                    320
                ],
                [
                    298,
                    320
                ],
                [
                    298,
                    350
                ],
                [
                    212,
                    350
                ]
            ],
            "text": "Mest",
            "confidence": 0.7080870866775513
        },
        {
            "bounding_box": [
                [
                    310,
                    310
                ],
                [
                    495,
                    310
                ],
                [
                    495,
                    352
                ],
                [
                    310,
                    352
                ]
            ],
            "text": "de-jvotien",
            "confidence": 0.31146802707073895
        },
        {
            "bounding_box": [
                [
                    213,
                    401
                ],
                [
                    393,
                    401
                ],
                [
                    393,
                    441
                ],
                [
                    213,
                    441
                ]
            ],
            "text": "A _*4z",
            "confidence": 0.4306133298950974
        },
        {
            "bounding_box": [
                [
                    518,
                    427
                ],
                [
                    625,
                    427
                ],
                [
                    625,
                    471
                ],
                [
                    518,
                    471
                ]
            ],
            "text": "R mo:",
            "confidence": 0.18040878472229277
        },
        {
            "bounding_box": [
                [
                    659,
                    429
                ],
                [
                    866,
                    429
                ],
                [
                    866,
                    472
                ],
                [
                    659,
                    472
                ]
            ],
            "text": "A _ *+2",
            "confidence": 0.7121104776393361
        },
        {
            "bounding_box": [
                [
                    882,
                    438
                ],
                [
                    944,
                    438
                ],
                [
                    944,
                    464
                ],
                [
                    882,
                    464
                ]
            ],
            "text": "~",
            "confidence": 0.037555281669554796
        },
        {
            "bounding_box": [
                [
                    961,
                    427
                ],
                [
                    1064,
                    427
                ],
                [
                    1064,
                    471
                ],
                [
                    961,
                    471
                ]
            ],
            "text": "X4 c",
            "confidence": 0.22219406068325043
        },
        {
            "bounding_box": [
                [
                    1086,
                    432
                ],
                [
                    1136,
                    432
                ],
                [
                    1136,
                    458
                ],
                [
                    1086,
                    458
                ]
            ],
            "text": "~A",
            "confidence": 0.02385417177247759
        },
        {
            "bounding_box": [
                [
                    1182,
                    422
                ],
                [
                    1273,
                    422
                ],
                [
                    1273,
                    461
                ],
                [
                    1182,
                    461
                ]
            ],
            "text": "Xbc",
            "confidence": 0.813995570446926
        },
        {
            "bounding_box": [
                [
                    1286,
                    428
                ],
                [
                    1340,
                    428
                ],
                [
                    1340,
                    452
                ],
                [
                    1286,
                    452
                ]
            ],
            "text": "3",
            "confidence": 0.21128155624730027
        },
        {
            "bounding_box": [
                [
                    1353,
                    419
                ],
                [
                    1441,
                    419
                ],
                [
                    1441,
                    455
                ],
                [
                    1353,
                    455
                ]
            ],
            "text": "ob €",
            "confidence": 0.751686155796051
        },
        {
            "bounding_box": [
                [
                    700,
                    486
                ],
                [
                    732,
                    486
                ],
                [
                    732,
                    522
                ],
                [
                    700,
                    522
                ]
            ],
            "text": "R",
            "confidence": 0.5704376412649168
        },
        {
            "bounding_box": [
                [
                    879,
                    475
                ],
                [
                    952,
                    475
                ],
                [
                    952,
                    516
                ],
                [
                    879,
                    516
                ]
            ],
            "text": "Rsc",
            "confidence": 0.03694055669189338
        },
        {
            "bounding_box": [
                [
                    1100,
                    472
                ],
                [
                    1162,
                    472
                ],
                [
                    1162,
                    504
                ],
                [
                    1100,
                    504
                ]
            ],
            "text": "RS",
            "confidence": 0.06463864196945862
        },
        {
            "bounding_box": [
                [
                    210,
                    520
                ],
                [
                    317,
                    520
                ],
                [
                    317,
                    562
                ],
                [
                    210,
                    562
                ]
            ],
            "text": "Y- b",
            "confidence": 0.6632069945335388
        },
        {
            "bounding_box": [
                [
                    211,
                    573
                ],
                [
                    336,
                    573
                ],
                [
                    336,
                    616
                ],
                [
                    211,
                    616
                ]
            ],
            "text": "z - C",
            "confidence": 0.42681311569193875
        },
        {
            "bounding_box": [
                [
                    182,
                    720
                ],
                [
                    302,
                    720
                ],
                [
                    302,
                    774
                ],
                [
                    182,
                    774
                ]
            ],
            "text": "ao4a",
            "confidence": 0.13145071268081665
        },
        {
            "bounding_box": [
                [
                    322,
                    724
                ],
                [
                    516,
                    724
                ],
                [
                    516,
                    774
                ],
                [
                    322,
                    774
                ]
            ],
            "text": "Jrammar",
            "confidence": 0.13503318555594282
        },
        {
            "bounding_box": [
                [
                    104,
                    818
                ],
                [
                    130,
                    818
                ],
                [
                    130,
                    852
                ],
                [
                    104,
                    852
                ]
            ],
            "text": "A",
            "confidence": 0.9822799451662867
        },
        {
            "bounding_box": [
                [
                    327,
                    821
                ],
                [
                    425,
                    821
                ],
                [
                    425,
                    857
                ],
                [
                    327,
                    857
                ]
            ],
            "text": "tot",
            "confidence": 0.21178774589324867
        },
        {
            "bounding_box": [
                [
                    440,
                    808
                ],
                [
                    618,
                    808
                ],
                [
                    618,
                    869
                ],
                [
                    440,
                    869
                ]
            ],
            "text": "Pruducls",
            "confidence": 0.32663984464403234
        },
        {
            "bounding_box": [
                [
                    650,
                    820
                ],
                [
                    750,
                    820
                ],
                [
                    750,
                    844
                ],
                [
                    650,
                    844
                ]
            ],
            "text": "Yootl",
            "confidence": 0.043227256973863544
        },
        {
            "bounding_box": [
                [
                    762,
                    818
                ],
                [
                    856,
                    818
                ],
                [
                    856,
                    846
                ],
                [
                    762,
                    846
                ]
            ],
            "text": "T",
            "confidence": 0.07236340173234623
        },
        {
            "bounding_box": [
                [
                    874,
                    824
                ],
                [
                    932,
                    824
                ],
                [
                    932,
                    848
                ],
                [
                    874,
                    848
                ]
            ],
            "text": "0r",
            "confidence": 0.1303510108164676
        },
        {
            "bounding_box": [
                [
                    958,
                    812
                ],
                [
                    1162,
                    812
                ],
                [
                    1162,
                    862
                ],
                [
                    958,
                    862
                ]
            ],
            "text": "Pane t",
            "confidence": 0.5490410739277006
        },
        {
            "bounding_box": [
                [
                    1179,
                    807
                ],
                [
                    1237,
                    807
                ],
                [
                    1237,
                    845
                ],
                [
                    1179,
                    845
                ]
            ],
            "text": "Rrrr",
            "confidence": 0.23498126864433289
        },
        {
            "bounding_box": [
                [
                    1290,
                    812
                ],
                [
                    1356,
                    812
                ],
                [
                    1356,
                    836
                ],
                [
                    1290,
                    836
                ]
            ],
            "text": "O#7",
            "confidence": 0.009049345560174192
        },
        {
            "bounding_box": [
                [
                    144,
                    826
                ],
                [
                    312,
                    826
                ],
                [
                    312,
                    874
                ],
                [
                    144,
                    874
                ]
            ],
            "text": "9rornwar",
            "confidence": 0.029410869195402707
        },
        {
            "bounding_box": [
                [
                    98,
                    906
                ],
                [
                    275,
                    906
                ],
                [
                    275,
                    959
                ],
                [
                    98,
                    959
                ]
            ],
            "text": "Santnc",
            "confidence": 0.10545342765927677
        },
        {
            "bounding_box": [
                [
                    294,
                    920
                ],
                [
                    334,
                    920
                ],
                [
                    334,
                    950
                ],
                [
                    294,
                    950
                ]
            ],
            "text": "6",
            "confidence": 0.7291812713232595
        },
        {
            "bounding_box": [
                [
                    347,
                    911
                ],
                [
                    446,
                    911
                ],
                [
                    446,
                    952
                ],
                [
                    347,
                    952
                ]
            ],
            "text": "Joid",
            "confidence": 0.4253889322280884
        },
        {
            "bounding_box": [
                [
                    458,
                    912
                ],
                [
                    512,
                    912
                ],
                [
                    512,
                    944
                ],
                [
                    458,
                    944
                ]
            ],
            "text": "4",
            "confidence": 0.8972404597217043
        },
        {
            "bounding_box": [
                [
                    536,
                    912
                ],
                [
                    590,
                    912
                ],
                [
                    590,
                    944
                ],
                [
                    536,
                    944
                ]
            ],
            "text": "bc",
            "confidence": 0.21699409057744784
        },
        {
            "bounding_box": [
                [
                    610,
                    909
                ],
                [
                    827,
                    909
                ],
                [
                    827,
                    951
                ],
                [
                    610,
                    951
                ]
            ],
            "text": "orb: auous",
            "confidence": 0.08020371966562709
        },
        {
            "bounding_box": [
                [
                    145,
                    1033
                ],
                [
                    313,
                    1033
                ],
                [
                    313,
                    1071
                ],
                [
                    145,
                    1071
                ]
            ],
            "text": "Jentr6",
            "confidence": 0.40300941604929075
        },
        {
            "bounding_box": [
                [
                    340,
                    1027
                ],
                [
                    895,
                    1027
                ],
                [
                    895,
                    1083
                ],
                [
                    340,
                    1083
                ]
            ],
            "text": "i anu semntmtial furm witn",
            "confidence": 0.39529679079835334
        },
        {
            "bounding_box": [
                [
                    902,
                    1034
                ],
                [
                    950,
                    1034
                ],
                [
                    950,
                    1058
                ],
                [
                    902,
                    1058
                ]
            ],
            "text": "To",
            "confidence": 0.37195354058555524
        },
        {
            "bounding_box": [
                [
                    961,
                    1021
                ],
                [
                    1221,
                    1021
                ],
                [
                    1221,
                    1060
                ],
                [
                    961,
                    1060
                ]
            ],
            "text": "ror +rcincls",
            "confidence": 0.21583037939223748
        },
        {
            "bounding_box": [
                [
                    1275,
                    1121
                ],
                [
                    1469,
                    1121
                ],
                [
                    1469,
                    1161
                ],
                [
                    1275,
                    1161
                ]
            ],
            "text": "desiivotior",
            "confidence": 0.1694720047416832
        },
        {
            "bounding_box": [
                [
                    50,
                    1146
                ],
                [
                    140,
                    1146
                ],
                [
                    140,
                    1176
                ],
                [
                    50,
                    1176
                ]
            ],
            "text": "Mot :",
            "confidence": 0.43466695753801465
        },
        {
            "bounding_box": [
                [
                    162,
                    1138
                ],
                [
                    434,
                    1138
                ],
                [
                    434,
                    1187
                ],
                [
                    162,
                    1187
                ]
            ],
            "text": "{er @ Bentun&",
            "confidence": 0.10068488877262892
        },
        {
            "bounding_box": [
                [
                    451,
                    1149
                ],
                [
                    636,
                    1149
                ],
                [
                    636,
                    1186
                ],
                [
                    451,
                    1186
                ]
            ],
            "text": "tue (o",
            "confidence": 0.35085297036080376
        },
        {
            "bounding_box": [
                [
                    647,
                    1149
                ],
                [
                    707,
                    1149
                ],
                [
                    707,
                    1185
                ],
                [
                    647,
                    1185
                ]
            ],
            "text": "be",
            "confidence": 0.7522504389391285
        },
        {
            "bounding_box": [
                [
                    732,
                    1150
                ],
                [
                    764,
                    1150
                ],
                [
                    764,
                    1182
                ],
                [
                    732,
                    1182
                ]
            ],
            "text": "0",
            "confidence": 0.9103170707967365
        },
        {
            "bounding_box": [
                [
                    775,
                    1136
                ],
                [
                    942,
                    1136
                ],
                [
                    942,
                    1199
                ],
                [
                    775,
                    1199
                ]
            ],
            "text": "Htest",
            "confidence": 0.23334244629799497
        },
        {
            "bounding_box": [
                [
                    957,
                    1139
                ],
                [
                    1040,
                    1139
                ],
                [
                    1040,
                    1176
                ],
                [
                    957,
                    1176
                ]
            ],
            "text": "ona",
            "confidence": 0.552225859214986
        },
        {
            "bounding_box": [
                [
                    1053,
                    1145
                ],
                [
                    1089,
                    1145
                ],
                [
                    1089,
                    1165
                ],
                [
                    1053,
                    1165
                ]
            ],
            "text": "C",
            "confidence": 0.15539192256768786
        },
        {
            "bounding_box": [
                [
                    1089,
                    1133
                ],
                [
                    1258,
                    1133
                ],
                [
                    1258,
                    1183
                ],
                [
                    1089,
                    1183
                ]
            ],
            "text": "~antrost",
            "confidence": 0.20885119760306406
        },
        {
            "bounding_box": [
                [
                    153,
                    1233
                ],
                [
                    233,
                    1233
                ],
                [
                    233,
                    1271
                ],
                [
                    153,
                    1271
                ]
            ],
            "text": "bet",
            "confidence": 0.5132335650180521
        },
        {
            "bounding_box": [
                [
                    244,
                    1242
                ],
                [
                    316,
                    1242
                ],
                [
                    316,
                    1274
                ],
                [
                    244,
                    1274
                ]
            ],
            "text": "no",
            "confidence": 0.6011019761801083
        },
        {
            "bounding_box": [
                [
                    338,
                    1243
                ],
                [
                    493,
                    1243
                ],
                [
                    493,
                    1287
                ],
                [
                    338,
                    1287
                ]
            ],
            "text": "Touat\"pu",
            "confidence": 0.08683358296011534
        },
        {
            "bounding_box": [
                [
                    510,
                    1240
                ],
                [
                    685,
                    1240
                ],
                [
                    685,
                    1278
                ],
                [
                    510,
                    1278
                ]
            ],
            "text": "{mtcnus",
            "confidence": 0.03716597767641547
        },
        {
            "bounding_box": [
                [
                    766,
                    1244
                ],
                [
                    794,
                    1244
                ],
                [
                    794,
                    1268
                ],
                [
                    766,
                    1268
                ]
            ],
            "text": "0",
            "confidence": 0.9297719095973243
        },
        {
            "bounding_box": [
                [
                    810,
                    1232
                ],
                [
                    938,
                    1232
                ],
                [
                    938,
                    1282
                ],
                [
                    810,
                    1282
                ]
            ],
            "text": "sirgl",
            "confidence": 0.10879265035002895
        },
        {
            "bounding_box": [
                [
                    951,
                    1236
                ],
                [
                    1018,
                    1236
                ],
                [
                    1018,
                    1264
                ],
                [
                    951,
                    1264
                ]
            ],
            "text": "or",
            "confidence": 0.7758866157251953
        },
        {
            "bounding_box": [
                [
                    26,
                    1404
                ],
                [
                    108,
                    1404
                ],
                [
                    108,
                    1476
                ],
                [
                    26,
                    1476
                ]
            ],
            "text": "G",
            "confidence": 0.03810076977197596
        },
        {
            "bounding_box": [
                [
                    138,
                    1506
                ],
                [
                    242,
                    1506
                ],
                [
                    242,
                    1562
                ],
                [
                    138,
                    1562
                ]
            ],
            "text": "E _",
            "confidence": 0.42255363844796934
        },
        {
            "bounding_box": [
                [
                    281,
                    1489
                ],
                [
                    741,
                    1489
                ],
                [
                    741,
                    1573
                ],
                [
                    281,
                    1573
                ]
            ],
            "text": "Eo € | ~ € | ()/id",
            "confidence": 0.43443153740497414
        },
        {
            "bounding_box": [
                [
                    1065,
                    1585
                ],
                [
                    1101,
                    1585
                ],
                [
                    1101,
                    1633
                ],
                [
                    1065,
                    1633
                ]
            ],
            "text": "E",
            "confidence": 0.9306275432506119
        },
        {
            "bounding_box": [
                [
                    1156,
                    1584
                ],
                [
                    1188,
                    1584
                ],
                [
                    1188,
                    1622
                ],
                [
                    1156,
                    1622
                ]
            ],
            "text": "0",
            "confidence": 0.6940833534759037
        },
        {
            "bounding_box": [
                [
                    1237,
                    1571
                ],
                [
                    1273,
                    1571
                ],
                [
                    1273,
                    1615
                ],
                [
                    1237,
                    1615
                ]
            ],
            "text": "€",
            "confidence": 0.6239552947963602
        },
        {
            "bounding_box": [
                [
                    129,
                    1619
                ],
                [
                    567,
                    1619
                ],
                [
                    567,
                    1683
                ],
                [
                    129,
                    1683
                ]
            ],
            "text": "03 +| - I~Vr",
            "confidence": 0.11118808458772593
        },
        {
            "bounding_box": [
                [
                    1132,
                    1700
                ],
                [
                    1158,
                    1700
                ],
                [
                    1158,
                    1730
                ],
                [
                    1132,
                    1730
                ]
            ],
            "text": "+",
            "confidence": 0.47513358704014763
        },
        {
            "bounding_box": [
                [
                    1226,
                    1688
                ],
                [
                    1252,
                    1688
                ],
                [
                    1252,
                    1722
                ],
                [
                    1226,
                    1722
                ]
            ],
            "text": "€",
            "confidence": 0.19596217976315078
        },
        {
            "bounding_box": [
                [
                    1019,
                    1703
                ],
                [
                    1061,
                    1703
                ],
                [
                    1061,
                    1747
                ],
                [
                    1019,
                    1747
                ]
            ],
            "text": "id",
            "confidence": 0.8176509407519218
        },
        {
            "bounding_box": [
                [
                    109,
                    1770
                ],
                [
                    210,
                    1770
                ],
                [
                    210,
                    1812
                ],
                [
                    109,
                    1812
                ]
            ],
            "text": "Goe |",
            "confidence": 0.34118824722881186
        },
        {
            "bounding_box": [
                [
                    255,
                    1773
                ],
                [
                    371,
                    1773
                ],
                [
                    371,
                    1815
                ],
                [
                    255,
                    1815
                ]
            ],
            "text": "Ders~ e",
            "confidence": 0.11906935164481362
        },
        {
            "bounding_box": [
                [
                    401,
                    1764
                ],
                [
                    608,
                    1764
                ],
                [
                    608,
                    1809
                ],
                [
                    401,
                    1809
                ]
            ],
            "text": "id +id &id",
            "confidence": 0.47382381899124704
        },
        {
            "bounding_box": [
                [
                    1248,
                    1798
                ],
                [
                    1272,
                    1798
                ],
                [
                    1272,
                    1830
                ],
                [
                    1248,
                    1830
                ]
            ],
            "text": "4",
            "confidence": 0.2678987769282095
        },
        {
            "bounding_box": [
                [
                    1424,
                    1788
                ],
                [
                    1454,
                    1788
                ],
                [
                    1454,
                    1826
                ],
                [
                    1424,
                    1826
                ]
            ],
            "text": "cl",
            "confidence": 0.786909860305211
        },
        {
            "bounding_box": [
                [
                    35,
                    1917
                ],
                [
                    113,
                    1917
                ],
                [
                    113,
                    1953
                ],
                [
                    35,
                    1953
                ]
            ],
            "text": "noke",
            "confidence": 0.20170150697231293
        },
        {
            "bounding_box": [
                [
                    139,
                    1913
                ],
                [
                    278,
                    1913
                ],
                [
                    278,
                    1955
                ],
                [
                    139,
                    1955
                ]
            ],
            "text": "To #rd",
            "confidence": 0.8802527939710547
        },
        {
            "bounding_box": [
                [
                    296,
                    1922
                ],
                [
                    385,
                    1922
                ],
                [
                    385,
                    1959
                ],
                [
                    296,
                    1959
                ]
            ],
            "text": "ombi =",
            "confidence": 0.15255475138482724
        },
        {
            "bounding_box": [
                [
                    499,
                    1930
                ],
                [
                    610,
                    1930
                ],
                [
                    610,
                    1972
                ],
                [
                    499,
                    1972
                ]
            ],
            "text": "Choj<",
            "confidence": 0.3239662554101216
        },
        {
            "bounding_box": [
                [
                    238,
                    1995
                ],
                [
                    337,
                    1995
                ],
                [
                    337,
                    2033
                ],
                [
                    238,
                    2033
                ]
            ],
            "text": "ushich",
            "confidence": 0.4752116433788925
        },
        {
            "bounding_box": [
                [
                    350,
                    2000
                ],
                [
                    468,
                    2000
                ],
                [
                    468,
                    2048
                ],
                [
                    350,
                    2048
                ]
            ],
            "text": "bel m9)",
            "confidence": 0.22462636598671412
        },
        {
            "bounding_box": [
                [
                    474,
                    2006
                ],
                [
                    506,
                    2006
                ],
                [
                    506,
                    2034
                ],
                [
                    474,
                    2034
                ]
            ],
            "text": "t",
            "confidence": 0.3508106027129685
        },
        {
            "bounding_box": [
                [
                    524,
                    1997
                ],
                [
                    615,
                    1997
                ],
                [
                    615,
                    2048
                ],
                [
                    524,
                    2048
                ]
            ],
            "text": "L(@",
            "confidence": 0.44325052542816384
        },
        {
            "bounding_box": [
                [
                    62,
                    2059
                ],
                [
                    159,
                    2059
                ],
                [
                    159,
                    2095
                ],
                [
                    62,
                    2095
                ]
            ],
            "text": "utmm",
            "confidence": 0.11049845069646835
        },
        {
            "bounding_box": [
                [
                    172,
                    2070
                ],
                [
                    256,
                    2070
                ],
                [
                    256,
                    2096
                ],
                [
                    172,
                    2096
                ]
            ],
            "text": "Yott€",
            "confidence": 0.011734852933149744
        },
        {
            "bounding_box": [
                [
                    356,
                    2076
                ],
                [
                    410,
                    2076
                ],
                [
                    410,
                    2102
                ],
                [
                    356,
                    2102
                ]
            ],
            "text": "0m",
            "confidence": 0.5583797519139491
        },
        {
            "bounding_box": [
                [
                    422,
                    2074
                ],
                [
                    494,
                    2074
                ],
                [
                    494,
                    2106
                ],
                [
                    422,
                    2106
                ]
            ],
            "text": "Loo",
            "confidence": 0.6755140654544312
        },
        {
            "bounding_box": [
                [
                    502,
                    2080
                ],
                [
                    530,
                    2080
                ],
                [
                    530,
                    2104
                ],
                [
                    502,
                    2104
                ]
            ],
            "text": "M",
            "confidence": 0.5136006484299607
        },
        {
            "bounding_box": [
                [
                    542,
                    2074
                ],
                [
                    618,
                    2074
                ],
                [
                    618,
                    2111
                ],
                [
                    542,
                    2111
                ]
            ],
            "text": "Rmo",
            "confidence": 0.20175211721970063
        },
        {
            "bounding_box": [
                [
                    70,
                    2128
                ],
                [
                    100,
                    2128
                ],
                [
                    100,
                    2156
                ],
                [
                    70,
                    2156
                ]
            ],
            "text": "6",
            "confidence": 0.5054860315686369
        },
        {
            "bounding_box": [
                [
                    119,
                    2131
                ],
                [
                    268,
                    2131
                ],
                [
                    268,
                    2164
                ],
                [
                    119,
                    2164
                ]
            ],
            "text": "Ovailebl",
            "confidence": 0.4296920112772612
        },
        {
            "bounding_box": [
                [
                    243,
                    94
                ],
                [
                    320,
                    86
                ],
                [
                    323,
                    118
                ],
                [
                    245,
                    125
                ]
            ],
            "text": "30",
            "confidence": 0.1157117928386639
        },
        {
            "bounding_box": [
                [
                    82,
                    301
                ],
                [
                    199,
                    318
                ],
                [
                    190,
                    371
                ],
                [
                    73,
                    355
                ]
            ],
            "text": "Ria+",
            "confidence": 0.7197892069816589
        },
        {
            "bounding_box": [
                [
                    203,
                    462
                ],
                [
                    318,
                    453
                ],
                [
                    319,
                    491
                ],
                [
                    204,
                    501
                ]
            ],
            "text": "X-0",
            "confidence": 0.3662596618729919
        },
        {
            "bounding_box": [
                [
                    1293,
                    455
                ],
                [
                    1364,
                    464
                ],
                [
                    1357,
                    503
                ],
                [
                    1286,
                    493
                ]
            ],
            "text": "R ",
            "confidence": 0.04767529759791752
        },
        {
            "bounding_box": [
                [
                    83,
                    704
                ],
                [
                    191,
                    720
                ],
                [
                    182,
                    765
                ],
                [
                    75,
                    750
                ]
            ],
            "text": "Arb :",
            "confidence": 0.38701947330170866
        },
        {
            "bounding_box": [
                [
                    379,
                    1918
                ],
                [
                    478,
                    1932
                ],
                [
                    470,
                    1983
                ],
                [
                    370,
                    1969
                ]
            ],
            "text": "~+",
            "confidence": 0.06146035940979604
        },
        {
            "bounding_box": [
                [
                    126,
                    1984
                ],
                [
                    239,
                    2004
                ],
                [
                    228,
                    2053
                ],
                [
                    116,
                    2034
                ]
            ],
            "text": "ptv8",
            "confidence": 0.20141857862472534
        },
        {
            "bounding_box": [
                [
                    266,
                    2064
                ],
                [
                    344,
                    2076
                ],
                [
                    339,
                    2102
                ],
                [
                    261,
                    2091
                ]
            ],
            "text": "ton",
            "confidence": 0.807609002299482
        }
    ]
}