{
    "image_filename": "CD-10.jpg",
    "image_path": "/content/images/CD-10.jpg",
    "detections": [
        {
            "bounding_box": [
                [
                    153,
                    60
                ],
                [
                    257,
                    60
                ],
                [
                    257,
                    111
                ],
                [
                    153,
                    111
                ]
            ],
            "text": "Coe 2",
            "confidence": 0.2157552051463478
        },
        {
            "bounding_box": [
                [
                    298,
                    66
                ],
                [
                    448,
                    66
                ],
                [
                    448,
                    116
                ],
                [
                    298,
                    116
                ]
            ],
            "text": "96 t~",
            "confidence": 0.23335411251928476
        },
        {
            "bounding_box": [
                [
                    460,
                    72
                ],
                [
                    522,
                    72
                ],
                [
                    522,
                    98
                ],
                [
                    460,
                    98
                ]
            ],
            "text": "0JLe",
            "confidence": 0.031000828370451927
        },
        {
            "bounding_box": [
                [
                    545,
                    69
                ],
                [
                    693,
                    69
                ],
                [
                    693,
                    107
                ],
                [
                    545,
                    107
                ]
            ],
            "text": "~ulpu",
            "confidence": 0.14148868410007026
        },
        {
            "bounding_box": [
                [
                    704,
                    56
                ],
                [
                    910,
                    56
                ],
                [
                    910,
                    113
                ],
                [
                    704,
                    113
                ]
            ],
            "text": "Prdvctov >",
            "confidence": 0.13535426251412813
        },
        {
            "bounding_box": [
                [
                    928,
                    54
                ],
                [
                    1093,
                    54
                ],
                [
                    1093,
                    108
                ],
                [
                    928,
                    108
                ]
            ],
            "text": "0 a, st",
            "confidence": 0.20402604168368735
        },
        {
            "bounding_box": [
                [
                    296,
                    187
                ],
                [
                    647,
                    187
                ],
                [
                    647,
                    249
                ],
                [
                    296,
                    249
                ]
            ],
            "text": "A = A a | Acz |",
            "confidence": 0.16535621559220975
        },
        {
            "bounding_box": [
                [
                    755,
                    194
                ],
                [
                    832,
                    194
                ],
                [
                    832,
                    235
                ],
                [
                    755,
                    235
                ]
            ],
            "text": "Acn",
            "confidence": 0.3352530636936994
        },
        {
            "bounding_box": [
                [
                    861,
                    185
                ],
                [
                    1119,
                    185
                ],
                [
                    1119,
                    246
                ],
                [
                    861,
                    246
                ]
            ],
            "text": "A,| Pz | , Pn",
            "confidence": 0.3124692168704537
        },
        {
            "bounding_box": [
                [
                    352,
                    366
                ],
                [
                    970,
                    366
                ],
                [
                    970,
                    453
                ],
                [
                    352,
                    453
                ]
            ],
            "text": "A _ AA' IA' [  |p-4'",
            "confidence": 0.13590324148586425
        },
        {
            "bounding_box": [
                [
                    502,
                    488
                ],
                [
                    944,
                    488
                ],
                [
                    944,
                    579
                ],
                [
                    502,
                    579
                ]
            ],
            "text": "x4la'  kh\" | e",
            "confidence": 0.036880257748358194
        },
        {
            "bounding_box": [
                [
                    82,
                    664
                ],
                [
                    558,
                    664
                ],
                [
                    558,
                    716
                ],
                [
                    82,
                    716
                ]
            ],
            "text": "ji) Jndiseet Wnt Su cusim",
            "confidence": 0.11201240668540066
        },
        {
            "bounding_box": [
                [
                    290,
                    780
                ],
                [
                    496,
                    780
                ],
                [
                    496,
                    830
                ],
                [
                    290,
                    830
                ]
            ],
            "text": "As Sa",
            "confidence": 0.41127927470185993
        },
        {
            "bounding_box": [
                [
                    279,
                    865
                ],
                [
                    510,
                    865
                ],
                [
                    510,
                    922
                ],
                [
                    279,
                    922
                ]
            ],
            "text": "< _ A b",
            "confidence": 0.16117369347109303
        },
        {
            "bounding_box": [
                [
                    362,
                    968
                ],
                [
                    418,
                    968
                ],
                [
                    418,
                    1028
                ],
                [
                    362,
                    1028
                ]
            ],
            "text": "L",
            "confidence": 0.31335958932146823
        },
        {
            "bounding_box": [
                [
                    354,
                    1080
                ],
                [
                    398,
                    1080
                ],
                [
                    398,
                    1104
                ],
                [
                    354,
                    1104
                ]
            ],
            "text": "3",
            "confidence": 0.18879175976554396
        },
        {
            "bounding_box": [
                [
                    409,
                    1063
                ],
                [
                    511,
                    1063
                ],
                [
                    511,
                    1107
                ],
                [
                    409,
                    1107
                ]
            ],
            "text": "Abo",
            "confidence": 0.8640877552311503
        },
        {
            "bounding_box": [
                [
                    194,
                    1210
                ],
                [
                    260,
                    1210
                ],
                [
                    260,
                    1240
                ],
                [
                    194,
                    1240
                ]
            ],
            "text": "Ce",
            "confidence": 0.260590671259771
        },
        {
            "bounding_box": [
                [
                    277,
                    1203
                ],
                [
                    439,
                    1203
                ],
                [
                    439,
                    1247
                ],
                [
                    277,
                    1247
                ]
            ],
            "text": "md +",
            "confidence": 0.5626148413477219
        },
        {
            "bounding_box": [
                [
                    450,
                    1214
                ],
                [
                    600,
                    1214
                ],
                [
                    600,
                    1242
                ],
                [
                    450,
                    1242
                ]
            ],
            "text": "nen0+",
            "confidence": 0.07049445264080403
        },
        {
            "bounding_box": [
                [
                    615,
                    1196
                ],
                [
                    802,
                    1196
                ],
                [
                    802,
                    1251
                ],
                [
                    615,
                    1251
                ]
            ],
            "text": "Ubt &c)",
            "confidence": 0.16252610158158418
        },
        {
            "bounding_box": [
                [
                    205,
                    1293
                ],
                [
                    311,
                    1293
                ],
                [
                    311,
                    1333
                ],
                [
                    205,
                    1333
                ]
            ],
            "text": "doum",
            "confidence": 0.5334142446517944
        },
        {
            "bounding_box": [
                [
                    343,
                    1297
                ],
                [
                    491,
                    1297
                ],
                [
                    491,
                    1339
                ],
                [
                    343,
                    1339
                ]
            ],
            "text": "Pcaexs",
            "confidence": 0.205901524022568
        },
        {
            "bounding_box": [
                [
                    516,
                    1290
                ],
                [
                    647,
                    1290
                ],
                [
                    647,
                    1327
                ],
                [
                    516,
                    1327
                ]
            ],
            "text": "(pnc?",
            "confidence": 0.17944040729684038
        },
        {
            "bounding_box": [
                [
                    663,
                    1285
                ],
                [
                    809,
                    1285
                ],
                [
                    809,
                    1325
                ],
                [
                    663,
                    1325
                ]
            ],
            "text": "nandu",
            "confidence": 0.6755949780346402
        },
        {
            "bounding_box": [
                [
                    824,
                    1288
                ],
                [
                    993,
                    1288
                ],
                [
                    993,
                    1337
                ],
                [
                    824,
                    1337
                ]
            ],
            "text": "Wt tue",
            "confidence": 0.21271278142405692
        },
        {
            "bounding_box": [
                [
                    1012,
                    1298
                ],
                [
                    1050,
                    1298
                ],
                [
                    1050,
                    1326
                ],
                [
                    1012,
                    1326
                ]
            ],
            "text": "6Y",
            "confidence": 0.341612011278181
        },
        {
            "bounding_box": [
                [
                    1083,
                    1297
                ],
                [
                    1301,
                    1297
                ],
                [
                    1301,
                    1341
                ],
                [
                    1083,
                    1341
                ]
            ],
            "text": "dronnml",
            "confidence": 0.11619314800155285
        },
        {
            "bounding_box": [
                [
                    138,
                    1378
                ],
                [
                    300,
                    1378
                ],
                [
                    300,
                    1434
                ],
                [
                    138,
                    1434
                ]
            ],
            "text": "tffae < .",
            "confidence": 0.13295064690276245
        },
        {
            "bounding_box": [
                [
                    34,
                    1550
                ],
                [
                    66,
                    1550
                ],
                [
                    66,
                    1574
                ],
                [
                    34,
                    1574
                ]
            ],
            "text": "43",
            "confidence": 0.05340958929090334
        },
        {
            "bounding_box": [
                [
                    64,
                    1538
                ],
                [
                    211,
                    1538
                ],
                [
                    211,
                    1593
                ],
                [
                    64,
                    1593
                ]
            ],
            "text": "Advon\"",
            "confidence": 0.42167801950117517
        },
        {
            "bounding_box": [
                [
                    350,
                    1538
                ],
                [
                    424,
                    1538
                ],
                [
                    424,
                    1592
                ],
                [
                    350,
                    1592
                ]
            ],
            "text": "ct",
            "confidence": 0.06539522483018198
        },
        {
            "bounding_box": [
                [
                    432,
                    1550
                ],
                [
                    500,
                    1550
                ],
                [
                    500,
                    1582
                ],
                [
                    432,
                    1582
                ]
            ],
            "text": "Mc",
            "confidence": 0.4428833783302982
        },
        {
            "bounding_box": [
                [
                    516,
                    1550
                ],
                [
                    662,
                    1550
                ],
                [
                    662,
                    1578
                ],
                [
                    516,
                    1578
                ]
            ],
            "text": "numnc 4",
            "confidence": 0.07506912998817013
        },
        {
            "bounding_box": [
                [
                    129,
                    1670
                ],
                [
                    476,
                    1670
                ],
                [
                    476,
                    1722
                ],
                [
                    129,
                    1722
                ]
            ],
            "text": "abl_ + &errott",
            "confidence": 0.2227647834741067
        },
        {
            "bounding_box": [
                [
                    608,
                    1668
                ],
                [
                    745,
                    1668
                ],
                [
                    745,
                    1711
                ],
                [
                    608,
                    1711
                ]
            ],
            "text": "Ses _",
            "confidence": 0.14815711555818387
        },
        {
            "bounding_box": [
                [
                    768,
                    1663
                ],
                [
                    944,
                    1663
                ],
                [
                    944,
                    1739
                ],
                [
                    768,
                    1739
                ]
            ],
            "text": "andvea",
            "confidence": 0.1734046863046264
        },
        {
            "bounding_box": [
                [
                    949,
                    1667
                ],
                [
                    1141,
                    1667
                ],
                [
                    1141,
                    1711
                ],
                [
                    949,
                    1711
                ]
            ],
            "text": "cer cljer",
            "confidence": 0.11352518893036
        },
        {
            "bounding_box": [
                [
                    1150,
                    1670
                ],
                [
                    1228,
                    1670
                ],
                [
                    1228,
                    1696
                ],
                [
                    1150,
                    1696
                ]
            ],
            "text": "Tenn",
            "confidence": 0.06271440351750499
        },
        {
            "bounding_box": [
                [
                    1326,
                    1654
                ],
                [
                    1465,
                    1654
                ],
                [
                    1465,
                    1703
                ],
                [
                    1326,
                    1703
                ]
            ],
            "text": "tt rec _",
            "confidence": 0.11468164881903563
        },
        {
            "bounding_box": [
                [
                    79,
                    1795
                ],
                [
                    215,
                    1795
                ],
                [
                    215,
                    1835
                ],
                [
                    79,
                    1835
                ]
            ],
            "text": "Das ede",
            "confidence": 0.42354821746392246
        },
        {
            "bounding_box": [
                [
                    200,
                    1791
                ],
                [
                    369,
                    1791
                ],
                [
                    369,
                    1858
                ],
                [
                    200,
                    1858
                ]
            ],
            "text": "ontoJe",
            "confidence": 0.2660157828660524
        },
        {
            "bounding_box": [
                [
                    168,
                    1908
                ],
                [
                    391,
                    1908
                ],
                [
                    391,
                    1964
                ],
                [
                    168,
                    1964
                ]
            ],
            "text": "Tha Proulv>",
            "confidence": 0.1450544988002962
        },
        {
            "bounding_box": [
                [
                    531,
                    1909
                ],
                [
                    722,
                    1909
                ],
                [
                    722,
                    1960
                ],
                [
                    531,
                    1960
                ]
            ],
            "text": "eliminiclu",
            "confidence": 0.6722473593189406
        },
        {
            "bounding_box": [
                [
                    741,
                    1919
                ],
                [
                    851,
                    1919
                ],
                [
                    851,
                    1957
                ],
                [
                    741,
                    1957
                ]
            ],
            "text": "drlt",
            "confidence": 0.4161514341831207
        },
        {
            "bounding_box": [
                [
                    868,
                    1912
                ],
                [
                    1104,
                    1912
                ],
                [
                    1104,
                    1966
                ],
                [
                    868,
                    1966
                ]
            ],
            "text": "6 acc bet",
            "confidence": 0.08882803796690783
        },
        {
            "bounding_box": [
                [
                    1119,
                    1919
                ],
                [
                    1191,
                    1919
                ],
                [
                    1191,
                    1955
                ],
                [
                    1119,
                    1955
                ]
            ],
            "text": "nut",
            "confidence": 0.4363573134998729
        },
        {
            "bounding_box": [
                [
                    1210,
                    1903
                ],
                [
                    1506,
                    1903
                ],
                [
                    1506,
                    1956
                ],
                [
                    1210,
                    1956
                ]
            ],
            "text": "indinct lltnc.",
            "confidence": 0.17610857148689407
        },
        {
            "bounding_box": [
                [
                    384,
                    513
                ],
                [
                    475,
                    527
                ],
                [
                    468,
                    564
                ],
                [
                    377,
                    550
                ]
            ],
            "text": "' _",
            "confidence": 0.7967883944511414
        },
        {
            "bounding_box": [
                [
                    104,
                    1191
                ],
                [
                    189,
                    1213
                ],
                [
                    177,
                    1251
                ],
                [
                    92,
                    1230
                ]
            ],
            "text": "u",
            "confidence": 0.4530575848475884
        },
        {
            "bounding_box": [
                [
                    1318,
                    1268
                ],
                [
                    1461,
                    1289
                ],
                [
                    1450,
                    1348
                ],
                [
                    1307,
                    1327
                ]
            ],
            "text": "rornd",
            "confidence": 0.08933507661566138
        },
        {
            "bounding_box": [
                [
                    120,
                    1290
                ],
                [
                    200,
                    1303
                ],
                [
                    192,
                    1342
                ],
                [
                    112,
                    1329
                ]
            ],
            "text": "+oy",
            "confidence": 0.0941822441896711
        },
        {
            "bounding_box": [
                [
                    200,
                    1541
                ],
                [
                    290,
                    1554
                ],
                [
                    281,
                    1603
                ],
                [
                    192,
                    1591
                ]
            ],
            "text": "+d",
            "confidence": 0.14389450077641477
        },
        {
            "bounding_box": [
                [
                    1228,
                    1646
                ],
                [
                    1325,
                    1668
                ],
                [
                    1312,
                    1718
                ],
                [
                    1215,
                    1696
                ]
            ],
            "text": "mxj",
            "confidence": 0.031311851626003834
        },
        {
            "bounding_box": [
                [
                    423,
                    1906
                ],
                [
                    524,
                    1926
                ],
                [
                    514,
                    1966
                ],
                [
                    413,
                    1946
                ]
            ],
            "text": "cew",
            "confidence": 0.07802765514215204
        }
    ]
}